-- phpMyAdmin SQL Dump
-- version 4.9.0.1
-- https://www.phpmyadmin.net/
--
-- Host: localhost:3306
-- Tempo de geração: 20/01/2020 às 10:53
-- Versão do servidor: 10.2.27-MariaDB
-- Versão do PHP: 7.3.6

SET SQL_MODE = "NO_AUTO_VALUE_ON_ZERO";
SET AUTOCOMMIT = 0;
START TRANSACTION;
SET time_zone = "+00:00";


/*!40101 SET @OLD_CHARACTER_SET_CLIENT=@@CHARACTER_SET_CLIENT */;
/*!40101 SET @OLD_CHARACTER_SET_RESULTS=@@CHARACTER_SET_RESULTS */;
/*!40101 SET @OLD_COLLATION_CONNECTION=@@COLLATION_CONNECTION */;
/*!40101 SET NAMES utf8mb4 */;

--
-- Banco de dados: `tpheusina_site`
--

-- --------------------------------------------------------

--
-- Estrutura para tabela `ad_mensagem`
--

CREATE TABLE `ad_mensagem` (
  `id_mensagem` int(11) NOT NULL,
  `id_usuario` int(11) NOT NULL,
  `mensagem` varchar(500) COLLATE utf8_bin NOT NULL,
  `data` int(11) NOT NULL
) ENGINE=InnoDB DEFAULT CHARSET=utf8 COLLATE=utf8_bin;

--
-- Despejando dados para a tabela `ad_mensagem`
--

INSERT INTO `ad_mensagem` (`id_mensagem`, `id_usuario`, `mensagem`, `data`) VALUES
(3, 5, 'Entrega do relatório até 18/6', 2019),
(4, 2, 'Quiz liberado conforme a agenda, cuidem os prazos!', 2019),
(5, 4, 'O professor não aceitará matrículas após 01/10. Façam seus cadastros.', 2019),
(6, 5, 'Como avisado, nesta sexta não haverá  aula. Lembrem que vocês possuem tarefas para entregar.', 2019),
(7, 3, 'ola', 2019),
(8, 2, 'Bora Jogar!!', 2019);

-- --------------------------------------------------------

--
-- Estrutura para tabela `avatar`
--

CREATE TABLE `avatar` (
  `id_avatar` int(11) NOT NULL,
  `base` varchar(3) COLLATE utf8_bin DEFAULT '1',
  `boca` varchar(3) COLLATE utf8_bin DEFAULT '3',
  `cabelo` varchar(3) COLLATE utf8_bin DEFAULT '1',
  `olho` varchar(3) COLLATE utf8_bin DEFAULT '1',
  `pele` varchar(3) COLLATE utf8_bin DEFAULT '1',
  `roupa` varchar(3) COLLATE utf8_bin DEFAULT '1',
  `usuario` int(11) NOT NULL
) ENGINE=MyISAM DEFAULT CHARSET=utf8 COLLATE=utf8_bin;

--
-- Despejando dados para a tabela `avatar`
--

INSERT INTO `avatar` (`id_avatar`, `base`, `boca`, `cabelo`, `olho`, `pele`, `roupa`, `usuario`) VALUES
(1, '6', '1', '1', '9', '2', '5', 3),
(2, '11', '4', '4', '3', '2', '8', 10),
(3, '4', '2', '3', '8', '3', '2', 13),
(4, '2', '10', '9', '16', '5', '9', 7),
(5, '5', '8', '4', '8', '3', '8', 9),
(6, '3', '6', '1', '6', '1', '6', 32),
(7, '1', '8', '4', '5', '3', '2', 40),
(8, '5', '1', '1', '3', '4', '1', 30),
(9, '2', '4', '7', '8', '2', '3', 31),
(10, '1', '4', '5', '6', '2', '2', 29),
(11, '3', '5', '2', '4', '1', '2', 25),
(12, '3', '1', '4', '4', '3', '2', 38),
(13, '1', '3', '1', '1', '1', '1', 26),
(14, '4', '2', '5', '1', '2', '2', 28),
(15, '5', '3', '5', '8', '2', '2', 33),
(16, '3', '2', '4', '6', '2', '1', 37),
(17, '4', '1', '3', '3', '1', '1', 36),
(18, '7', '2', '5', '2', '2', '6', 34),
(19, '1', '2', '3', '3', '3', '2', 43),
(20, '7', '7', '5', '1', '2', '2', 39),
(21, '7', '5', '4', '5', '1', '5', 46),
(22, '3', '2', '7', '2', '3', '2', 45),
(23, '7', '5', '5', '6', '2', '8', 63),
(24, '5', '1', '1', '1', '4', '2', 64),
(25, '8', '7', '5', '5', '4', '2', 68),
(26, '7', '1', '2', '3', '3', '7', 53),
(27, '7', '3', '1', '1', '1', '1', 58),
(28, '5', '4', '5', '2', '1', '4', 62),
(29, '7', '8', '4', '6', '3', '2', 51),
(30, '2', '1', '7', '6', '3', '3', 60),
(31, '3', '4', '1', '6', '2', '5', 50),
(32, '8', '4', '4', '6', '3', '2', 55),
(33, '2', '5', '7', '8', '1', '7', 70),
(34, '5', '3', '1', '1', '1', '1', 52),
(35, '8', '4', '4', '3', '3', '3', 54),
(36, '7', '4', '2', '1', '1', '3', 77),
(37, '4', '8', '4', '6', '2', '8', 73),
(38, '1', '3', '16', '1', '4', '9', 79),
(39, '9', '3', '16', '1', '1', '5', 80),
(40, '1', '3', '15', '2', '4', '1', 82),
(41, '1', '6', '1', '7', '1', '1', 86),
(42, '2', '7', '1', '7', '3', '5', 97),
(43, '1', '2', '9', '6', '2', '2', 90),
(44, '7', '12', '9', '15', '2', '3', 101),
(45, '8', '3', '15', '13', '5', '2', 94),
(46, '10', '3', '1', '1', '1', '1', 100),
(47, '7', '10', '14', '13', '4', '7', 99),
(48, '6', '3', '9', '15', '3', '7', 102),
(49, '7', '12', '10', '2', '1', '2', 89),
(50, '9', '5', '15', '13', '5', '2', 93),
(51, '10', '9', '11', '12', '5', '5', 91),
(52, '9', '2', '3', '9', '3', '9', 103),
(53, '7', '4', '9', '14', '3', '3', 95),
(54, '3', '12', '5', '15', '2', '2', 98),
(55, '7', '14', '14', '3', '4', '9', 107);

-- --------------------------------------------------------

--
-- Estrutura para tabela `categoria`
--

CREATE TABLE `categoria` (
  `ID_CATEGORIA` int(11) NOT NULL,
  `DESCRICAO` varchar(45) NOT NULL,
  `MENU_PAI` int(11) DEFAULT NULL
) ENGINE=InnoDB DEFAULT CHARSET=utf8;

--
-- Despejando dados para a tabela `categoria`
--

INSERT INTO `categoria` (`ID_CATEGORIA`, `DESCRICAO`, `MENU_PAI`) VALUES
(1, 'Futebol/Futsal', 1),
(2, 'Voleibol', NULL),
(3, 'Handebol', NULL),
(4, 'Regras do Futebol', 1),
(5, 'História do Futebol', 1),
(6, 'Basquetebol', NULL);

-- --------------------------------------------------------

--
-- Estrutura para tabela `chat`
--

CREATE TABLE `chat` (
  `id_chat` int(5) NOT NULL,
  `id_remetente` int(5) NOT NULL,
  `id_destinatario` int(5) NOT NULL,
  `texto` varchar(500) COLLATE utf8_bin NOT NULL
) ENGINE=InnoDB DEFAULT CHARSET=utf8 COLLATE=utf8_bin;

-- --------------------------------------------------------

--
-- Estrutura para tabela `configuration`
--

CREATE TABLE `configuration` (
  `id` int(2) NOT NULL,
  `campo` varchar(50) COLLATE utf8_bin NOT NULL,
  `valor` varchar(500) COLLATE utf8_bin NOT NULL,
  `id_img` int(11) DEFAULT NULL
) ENGINE=InnoDB DEFAULT CHARSET=utf8 COLLATE=utf8_bin;

--
-- Despejando dados para a tabela `configuration`
--

INSERT INTO `configuration` (`id`, `campo`, `valor`, `id_img`) VALUES
(1, 'theme', 'default', NULL),
(2, 'theme_admin', 'default', NULL),
(3, 'problema', 'Este problema ocorre por uma falha no carregamento do Javascript. Recarregando a pagina com F5 soluciona o erro.', 1),
(4, 'problema', 'Isso ocorre quando o painel do professor recarrega acidentalmente. Como os sistemas funcionam em sincronia as perguntas são exibidas duplicadas. Recarregando a pagina com F5 soluciona o problema.', 2);

-- --------------------------------------------------------

--
-- Estrutura para tabela `conquistas`
--

CREATE TABLE `conquistas` (
  `id_conquista` int(11) NOT NULL,
  `id_usuario` int(11) NOT NULL,
  `conquista` int(11) NOT NULL,
  `texto` varchar(500) COLLATE utf8_bin DEFAULT NULL
) ENGINE=InnoDB DEFAULT CHARSET=utf8 COLLATE=utf8_bin;

--
-- Despejando dados para a tabela `conquistas`
--

INSERT INTO `conquistas` (`id_conquista`, `id_usuario`, `conquista`, `texto`) VALUES
(2, 4, 1, 'Entrou no sistema pela primeira vez!'),
(3, 5, 1, 'Entrou no sistema pela primeira vez!'),
(4, 6, 1, 'Entrou no sistema pela primeira vez!'),
(5, 7, 1, 'Entrou no sistema pela primeira vez!'),
(6, 8, 1, 'Entrou no sistema pela primeira vez!'),
(7, 2, 1, 'Entrou no sistema pela primeira vez!'),
(8, 3, 2, 'Chegou ao nível 5!'),
(9, 4, 1, 'Entrou no sistema pela primeira vez!'),
(10, 5, 1, 'Entrou no sistema pela primeira vez!'),
(11, 6, 1, 'Entrou no sistema pela primeira vez!'),
(12, 7, 1, 'Entrou no sistema pela primeira vez!'),
(13, 8, 1, 'Entrou no sistema pela primeira vez!'),
(14, 3, 3, 'Acertou todas as perguntas de 1 rodada!'),
(15, 3, 0, 'Sim, esse cara sozinho desenvolveu este sistema!'),
(16, 9, 1, 'Entrou no sistema pela primeira vez!'),
(17, 10, 1, 'Entrou no sistema pela primeira vez!'),
(18, 11, 1, 'Entrou no sistema pela primeira vez!'),
(19, 12, 1, 'Entrou no sistema pela primeira vez!'),
(20, 13, 1, 'Entrou no sistema pela primeira vez!'),
(21, 14, 1, 'Entrou no sistema pela primeira vez!'),
(22, 16, 1, 'Entrou no sistema pela primeira vez!'),
(23, 18, 1, 'Entrou no sistema pela primeira vez!'),
(24, 19, 1, 'Entrou no sistema pela primeira vez!'),
(25, 20, 1, 'Entrou no sistema pela primeira vez!'),
(26, 21, 1, 'Entrou no sistema pela primeira vez!'),
(27, 22, 1, 'Entrou no sistema pela primeira vez!'),
(28, 23, 1, 'Entrou no sistema pela primeira vez!'),
(29, 24, 1, 'Entrou no sistema pela primeira vez!'),
(30, 25, 1, 'Entrou no sistema pela primeira vez!'),
(31, 26, 1, 'Entrou no sistema pela primeira vez!'),
(32, 27, 1, 'Entrou no sistema pela primeira vez!'),
(33, 28, 1, 'Entrou no sistema pela primeira vez!'),
(34, 29, 1, 'Entrou no sistema pela primeira vez!'),
(35, 30, 1, 'Entrou no sistema pela primeira vez!'),
(36, 31, 1, 'Entrou no sistema pela primeira vez!'),
(37, 32, 1, 'Entrou no sistema pela primeira vez!'),
(38, 33, 1, 'Entrou no sistema pela primeira vez!'),
(39, 34, 1, 'Entrou no sistema pela primeira vez!'),
(40, 36, 1, 'Entrou no sistema pela primeira vez!'),
(41, 37, 1, 'Entrou no sistema pela primeira vez!'),
(42, 38, 1, 'Entrou no sistema pela primeira vez!'),
(43, 39, 1, 'Entrou no sistema pela primeira vez!'),
(44, 40, 1, 'Entrou no sistema pela primeira vez!'),
(45, 41, 1, 'Entrou no sistema pela primeira vez!'),
(46, 42, 1, 'Entrou no sistema pela primeira vez!'),
(47, 43, 1, 'Entrou no sistema pela primeira vez!'),
(48, 44, 1, 'Entrou no sistema pela primeira vez!'),
(49, 45, 1, 'Entrou no sistema pela primeira vez!'),
(50, 46, 1, 'Entrou no sistema pela primeira vez!'),
(51, 47, 1, 'Entrou no sistema pela primeira vez!'),
(52, 49, 1, 'Entrou no sistema pela primeira vez!'),
(53, 50, 1, 'Entrou no sistema pela primeira vez!'),
(54, 51, 1, 'Entrou no sistema pela primeira vez!'),
(55, 52, 1, 'Entrou no sistema pela primeira vez!'),
(56, 53, 1, 'Entrou no sistema pela primeira vez!'),
(57, 54, 1, 'Entrou no sistema pela primeira vez!'),
(58, 55, 1, 'Entrou no sistema pela primeira vez!'),
(59, 56, 1, 'Entrou no sistema pela primeira vez!'),
(60, 57, 1, 'Entrou no sistema pela primeira vez!'),
(61, 58, 1, 'Entrou no sistema pela primeira vez!'),
(62, 59, 1, 'Entrou no sistema pela primeira vez!'),
(63, 60, 1, 'Entrou no sistema pela primeira vez!'),
(64, 61, 1, 'Entrou no sistema pela primeira vez!'),
(65, 62, 1, 'Entrou no sistema pela primeira vez!'),
(66, 63, 1, 'Entrou no sistema pela primeira vez!'),
(67, 64, 1, 'Entrou no sistema pela primeira vez!'),
(68, 65, 1, 'Entrou no sistema pela primeira vez!'),
(69, 66, 1, 'Entrou no sistema pela primeira vez!'),
(70, 67, 1, 'Entrou no sistema pela primeira vez!'),
(71, 68, 1, 'Entrou no sistema pela primeira vez!'),
(72, 69, 1, 'Entrou no sistema pela primeira vez!'),
(73, 70, 1, 'Entrou no sistema pela primeira vez!'),
(74, 71, 1, 'Entrou no sistema pela primeira vez!'),
(75, 72, 1, 'Entrou no sistema pela primeira vez!'),
(76, 73, 1, 'Entrou no sistema pela primeira vez!'),
(77, 74, 1, 'Entrou no sistema pela primeira vez!'),
(78, 75, 1, 'Entrou no sistema pela primeira vez!'),
(79, 76, 1, 'Entrou no sistema pela primeira vez!'),
(80, 77, 1, 'Entrou no sistema pela primeira vez!'),
(81, 78, 1, 'Entrou no sistema pela primeira vez!'),
(82, 79, 1, 'Entrou no sistema pela primeira vez!'),
(83, 80, 1, 'Entrou no sistema pela primeira vez!'),
(84, 81, 1, 'Entrou no sistema pela primeira vez!'),
(85, 82, 1, 'Entrou no sistema pela primeira vez!'),
(86, 83, 1, 'Entrou no sistema pela primeira vez!'),
(87, 84, 1, 'Entrou no sistema pela primeira vez!'),
(88, 85, 1, 'Entrou no sistema pela primeira vez!'),
(89, 86, 1, 'Entrou no sistema pela primeira vez!'),
(90, 87, 1, 'Entrou no sistema pela primeira vez!'),
(91, 88, 1, 'Entrou no sistema pela primeira vez!'),
(92, 89, 1, 'Entrou no sistema pela primeira vez!'),
(93, 90, 1, 'Entrou no sistema pela primeira vez!'),
(94, 91, 1, 'Entrou no sistema pela primeira vez!'),
(95, 92, 1, 'Entrou no sistema pela primeira vez!'),
(96, 93, 1, 'Entrou no sistema pela primeira vez!'),
(97, 94, 1, 'Entrou no sistema pela primeira vez!'),
(98, 95, 1, 'Entrou no sistema pela primeira vez!'),
(99, 96, 1, 'Entrou no sistema pela primeira vez!'),
(100, 97, 1, 'Entrou no sistema pela primeira vez!'),
(101, 98, 1, 'Entrou no sistema pela primeira vez!'),
(102, 99, 1, 'Entrou no sistema pela primeira vez!'),
(103, 100, 1, 'Entrou no sistema pela primeira vez!'),
(104, 101, 1, 'Entrou no sistema pela primeira vez!'),
(105, 102, 1, 'Entrou no sistema pela primeira vez!'),
(106, 103, 1, 'Entrou no sistema pela primeira vez!'),
(107, 105, 1, 'Entrou no sistema pela primeira vez!'),
(108, 106, 1, 'Entrou no sistema pela primeira vez!'),
(109, 107, 1, 'Entrou no sistema pela primeira vez!');

-- --------------------------------------------------------

--
-- Estrutura para tabela `disciplina`
--

CREATE TABLE `disciplina` (
  `ID_DISCIPLINA` int(11) NOT NULL,
  `NOME` varchar(45) DEFAULT NULL
) ENGINE=InnoDB DEFAULT CHARSET=utf8;

--
-- Despejando dados para a tabela `disciplina`
--

INSERT INTO `disciplina` (`ID_DISCIPLINA`, `NOME`) VALUES
(1, 'Educação Física');

-- --------------------------------------------------------

--
-- Estrutura para tabela `imagem`
--

CREATE TABLE `imagem` (
  `ID_IMAGEM` int(11) NOT NULL,
  `NOME` varchar(50) NOT NULL,
  `DATA` datetime NOT NULL,
  `ID_CATEGORIA` int(11) NOT NULL
) ENGINE=InnoDB DEFAULT CHARSET=utf8mb4;

-- --------------------------------------------------------

--
-- Estrutura para tabela `melhorias`
--

CREATE TABLE `melhorias` (
  `ID_MELHORIA` int(11) NOT NULL,
  `DESCRICAO` varchar(500) NOT NULL,
  `EMAIL` varchar(50) NOT NULL,
  `DT_SOLICITACAO` datetime NOT NULL,
  `DT_ATUALIZACAO` datetime DEFAULT NULL,
  `SITUACAO` char(1) NOT NULL,
  `ID_USUARIO` int(11) NOT NULL
) ENGINE=InnoDB DEFAULT CHARSET=utf8;

--
-- Despejando dados para a tabela `melhorias`
--

INSERT INTO `melhorias` (`ID_MELHORIA`, `DESCRICAO`, `EMAIL`, `DT_SOLICITACAO`, `DT_ATUALIZACAO`, `SITUACAO`, `ID_USUARIO`) VALUES
(3, 'Configurar Charset', 'professor.teste@iffarroupilha.edu.br', '2019-11-08 13:56:46', NULL, 'S', 2),
(4, 'Poderia ter a contagem do tempo de cada questão para o aluno controlar o tempo', 'vinicius.konig@aluno.iffar.edu.br', '2019-11-08 15:13:07', NULL, 'S', 11),
(6, 'Deveria ter um design mais atrativo, mas em si o jogo é bem legal e atrativo.', 'vitoriarosa73@yahoo.com', '2019-11-14 09:16:47', NULL, 'S', 29),
(7, 'ampliar as opções de personalização do avatar, e maior tempo para responder', 'apaulagsantos_2012@hotmail.com', '2019-11-14 09:17:19', NULL, 'S', 45),
(8, 'Reformular algumas questões para que se tornem mais claras (como as de relação entre jogadores no quiz de vôlei), rever a questão do timer das questões.', 'beatriz.santos@aluno.edu.br', '2019-11-14 11:41:55', NULL, 'S', 60),
(9, 'O JOGO É INTERESSANTE, PORÉM, ALÉM DE FALHAS NA FORMATAÇÃO DO SITE E FALHAS COMO NÃO APARECER SE O CADASTRO FOI CONCLUÍDO, É FACILMENTE BURLÁVEL A PONTUAÇÃO E É FÁCIL DE DESCOBRIR A RESPOSTA PELA FUNÇÃO DE INSPECIONAR ELEMENTO', 'ale.com.br.mayer@hotmail.com', '2019-11-14 11:43:14', NULL, 'S', 64),
(10, 'Correção de alguns bugs', 'Joao_lucas1500@hotmail.com', '2019-11-25 16:39:37', NULL, 'S', 79),
(11, 'Melhorar o desing das questoes e a programação de tempo/escolha de alternativas', '', '2019-11-25 16:39:58', NULL, 'S', 86),
(12, 'resolver bugs e mais assuntos e coisas para fazer no site, além de um sistema para importar a imagem para foto de perfil', 'darkarontg@gmail.com', '2019-11-25 16:39:59', NULL, 'S', 80),
(13, 'Correção de bugs como o de você não conseguir responder uma pergunta  e também seria legal um cronometro para os alunos ', 'xonegolfinho@gmail.com', '2019-11-25 16:41:15', NULL, 'S', 84),
(14, 'eu acho que não deveria ter a cor azul forte como indicadora do click do mouse, somente as cores vermelho e verde são necessárias\r\n\r\n', 'ge.s03r@gmail.com', '2019-11-25 16:41:16', NULL, 'S', 82),
(15, 'Não acho tão legal pro usuário ver as mensagens que vocês (desenvolvedores) trocam entre si', 'leandroretzlafff@gmail.com', '2019-11-26 08:09:43', NULL, 'S', 88),
(16, 'Melhorar a coreção da pontuação, está marcando errado.', 'bernardorelli@outlook.com.br', '2019-11-26 08:28:44', NULL, 'S', 100);

-- --------------------------------------------------------

--
-- Estrutura para tabela `memoria`
--

CREATE TABLE `memoria` (
  `ID_MEMORIA` int(11) NOT NULL,
  `DESCRICAO` varchar(45) NOT NULL,
  `DT_INICIO` datetime NOT NULL,
  `DT_FIM` datetime NOT NULL,
  `PUBLICACAO` char(1) NOT NULL,
  `ID_USUARIO` int(11) NOT NULL
) ENGINE=InnoDB DEFAULT CHARSET=utf8mb4;

-- --------------------------------------------------------

--
-- Estrutura para tabela `memoria_imagem`
--

CREATE TABLE `memoria_imagem` (
  `ID_IMAGEM` int(11) NOT NULL,
  `ID_MEMORIA` int(11) NOT NULL,
  `ID_MEMORIA_IMAGEM` int(11) NOT NULL
) ENGINE=InnoDB DEFAULT CHARSET=utf8mb4;

-- --------------------------------------------------------

--
-- Estrutura para tabela `pergunta`
--

CREATE TABLE `pergunta` (
  `ID_PERGUNTA` int(11) NOT NULL,
  `DESCRICAO` varchar(2000) DEFAULT NULL,
  `PONTUACAO` decimal(3,2) NOT NULL,
  `ID_DISCIPLINA` int(11) NOT NULL,
  `ID_CATEGORIA` int(11) NOT NULL,
  `ID_USUARIO` int(11) NOT NULL
) ENGINE=InnoDB DEFAULT CHARSET=utf8 ROW_FORMAT=COMPACT;

--
-- Despejando dados para a tabela `pergunta`
--

INSERT INTO `pergunta` (`ID_PERGUNTA`, `DESCRICAO`, `PONTUACAO`, `ID_DISCIPLINA`, `ID_CATEGORIA`, `ID_USUARIO`) VALUES
(10, 'Quantos jogadores participam de um jogo de voleibol?', 0.50, 1, 2, 2),
(11, 'Qual a pontuação mínima necessária para que uma equipe de voleibol ganhe um set, exceto o tie-brake?', 0.50, 1, 2, 2),
(12, 'Qual o número mínimo de jogadores necessário para que uma equipe comece uma partida?', 0.50, 1, 2, 2),
(13, 'No momento do saque, qual das posições abaixo o líbero pode ficar sem estar infringindo a regra?', 0.50, 1, 2, 2),
(14, 'Qual a penalização se a sua equipe levou um cartão amarelo?', 0.50, 1, 2, 2),
(15, 'Qual a altura da rede adulta masculina?', 0.50, 1, 2, 2),
(16, 'Qual o limite de substituições que uma equipe de voleibol pode realizar em cada set?', 0.50, 1, 2, 2),
(17, 'Quantos pedidos de tempo uma equipe pode solicitar em cada set?', 0.50, 1, 2, 2),
(18, 'Qual o limite de tempo para a reaização de um saque?', 0.50, 1, 2, 2),
(19, ' Em relação a rotação, o jogador que estivr na posição 1, após a sua equipe tiver rodado, irá para qual posição da quadra?', 0.50, 1, 2, 2),
(20, 'O jogador que estiver na posição 4 se relaciona com quais jogadores para que não aconteça uma violação da regra?', 0.50, 1, 2, 2),
(21, 'Quais as dimensões de uma quadra de voleibol?', 0.50, 1, 2, 2),
(22, 'Após a bola tocar no bloqueio, quantos toques no máximo sua equipe pode dar na bola para jogar para quadra adversária, sem que aconteça uma falta?', 0.50, 1, 2, 2),
(23, 'Qual o tamanho da zona de saque?', 0.50, 1, 2, 2),
(24, 'Qual das afirmativas abaixo é falsa?', 0.50, 1, 2, 2),
(25, 'Antes do início de uma partida, é realizado um sorteio entre os capitães das equipes. Neste sorteio o capitão pode escolher...', 0.50, 1, 2, 2),
(26, 'Quando a bola é retida demasiadamente durante um toque estamos nos referindo a uma violação no voleibol chamada:', 0.50, 1, 2, 2),
(27, 'Em uma partida oficial de voleibol existem 7 arbitros, destes, quantos podem utilizar o apito durante uma partida?', 0.50, 1, 2, 2),
(28, 'Após o termino de qual set, não há necessariamnte a obrigação de mudar o lado da quadra em uma partida de voleibol? ', 0.50, 1, 2, 2),
(29, 'Qual das ações citadas abaixo não pode ser realizada com o pé em uma partida de voleibol?', 0.50, 1, 2, 2),
(30, 'Qual o nome da posição do atleta responsável por distribuir o jogo em uma partida de voleibol?', 0.50, 1, 2, 2),
(31, 'No sistema 4x2 simples, ou 4x2 pelo meio, o levantador joga preferencialmente por qual posição?', 0.50, 1, 2, 2),
(32, 'Usualmente no sistema tático 5x1 existem quantos meios de rede?', 0.50, 1, 2, 2),
(33, 'Simples, duplo e triplo são exemplos de qual fundamento do voleibol?', 0.50, 1, 2, 2),
(34, 'Fundamento que prioritariamente deve ser realizado pelo levantador na distribuição do jogo?', 0.50, 1, 2, 2),
(35, 'Em qual dos sistema táticos abaixo do voleibol, teremos sempre três atacantes na rede?', 0.50, 1, 2, 2),
(36, 'Qual jogador em uma equipe de voleibol, tem como função ter que bloquear os ataques da equipe adversária?', 0.50, 1, 2, 2),
(37, 'Jornada nas estrelas e viagem ao fundo do mar, são exemplos de qual fundamento do voleibol?', 0.50, 1, 2, 2),
(38, 'Um jogador pode executar bloqueio sem estar cometendo uma falta, estando em qual das posições abaixo no início de um rally ?', 0.50, 1, 2, 2),
(39, 'No sistema tático 4x2 ponta, o levantador faz sua função preferencialmente por qual posição?', 0.50, 1, 2, 2),
(40, 'A inversão do sistema tático 5x1 é realizado na grande maioria das vezes quando...', 0.50, 1, 2, 2),
(41, 'Qual o principal motivo da realização da inversão do 5x1?', 0.50, 1, 2, 2),
(42, 'O líbero é o jogador que deve ter como melhor fundamento...', 0.50, 1, 2, 2),
(43, 'Qual jogador em uma equipe de voleibol deve ter um fardamento diferente dos demais atletas?', 0.50, 1, 2, 2),
(44, 'Em uma partida de voleibol, qual o fundamento é geralmente o mais utilizado para receber um saque?', 0.50, 1, 2, 2),
(45, 'Qual o tipo de bola mais característico para um meio de rede atacar?', 0.50, 1, 2, 2),
(46, 'Na grande maioria das vezes, como o levantador executa o levantamento para o saída de rede?', 0.50, 1, 2, 2),
(47, 'Quando acontece uma tentativa de bloqueio duplo, quantos jogadores ficam responsaveis pela defesa de uma possivel largada do atacante?', 0.50, 1, 2, 2),
(48, 'No sistema tático 5x1, qual dos atacantes, na maioria das vezes, fica mais distante do levantador?', 0.50, 1, 2, 2),
(49, 'Quando o levantador está na rede, zona da frente, quantos atacantes na zona da frente existem na equipe?', 0.50, 1, 2, 2),
(50, 'Em que ano foi criado o voleibol?', 0.50, 1, 2, 2),
(51, 'Quem foi o criador do voleibol?', 0.50, 1, 2, 2),
(52, 'Logo que foi criado, como o voleibol era chamado?', 0.50, 1, 2, 2),
(53, 'Em qual lugar foi criado o Voleibol?', 0.50, 1, 2, 2),
(54, 'Qual o princípal objeto na criação do voleibol?', 0.50, 1, 2, 2),
(55, 'Qual o principal objetivo do jogo de voleibol?', 0.50, 1, 2, 2),
(56, 'Em qual estado Americano foi inventado o voleibol?', 0.50, 1, 2, 2),
(57, 'É possivel afirmar, em uma partida de voleibol que:', 0.50, 1, 2, 2),
(58, 'Qual das ações abaixo não é permitida em uma partida de voleibol?', 0.50, 1, 2, 2),
(59, 'Após um ataque do time A, o time B pode defender a bola utilizando qual desses recursos?', 0.50, 1, 2, 2),
(60, 'Após um ataque do time A, o time B não pode defender a bola utilizando qual desses recursos?', 0.50, 1, 2, 2),
(61, 'Após a bola tocar em um jogador da equipe A em um bloqueio duplo, qual atleta da mesma equipe pode tocar na bola?', 0.50, 1, 2, 2),
(62, 'O jogador que estiver na posição 1 se relaciona com quais jogadores para que não aconteça uma violação da regra?', 0.50, 1, 2, 2),
(63, 'O jogador que estiver na posição 3 se relaciona com quais jogadores para que não aconteça uma violação da regra?', 0.50, 1, 2, 2),
(64, 'O jogador que estiver na posição 6 se relaciona com quais jogadores para que não aconteça uma violação da regra?', 0.50, 1, 2, 2),
(65, 'Se o jogador está na posição 1 e quer realizar uma manchete para a posição 3, a perna direita deve estar posicionada...', 0.50, 1, 2, 2),
(66, 'Se uma partida de voleibol está empatada em 34x34, qual a pontuação mínima para alguma das equipes ganhar este set?', 0.50, 1, 2, 2),
(67, 'Se uma partida de voleibol está empatada no tie-brake em 23x23, qual a pontuação mínima para alguma das equipes ganhar este set?', 0.50, 1, 2, 2),
(68, 'Se uma partida de voleibol está empatada no 1o set em 23x23, qual a pontuação mínima para alguma das equipes ganhar este set?', 0.50, 1, 2, 2),
(69, 'Qual a ação inicia uma partida de voleibol?', 0.50, 1, 2, 2),
(70, 'Qual a altura da rede adulta feminina?', 0.50, 1, 2, 2),
(71, 'Quantas substituições cada equipe pode fazer entre o 1 e 2 set?', 0.50, 1, 2, 2),
(72, 'Quantas vezes o líbero pode entrar em quadra em cada set?', 0.50, 1, 2, 2),
(73, 'Cruzada, lateral e mista, são exemplos de passadas de qual fundamento do voleibol?', 0.50, 1, 2, 2),
(74, 'Corrida de aproximação, frenagem, suspensão, batida na bola e queda são as fases de qual fundamento do voleibol?', 0.50, 1, 2, 2),
(75, 'Qual o jogador, usualmente, utiliza passadas cruzadas pra realizar um bloqueio?', 0.50, 1, 2, 2),
(76, 'Qual a mecânica no movimento do bloqueio ofensivo?', 0.50, 1, 2, 2),
(77, 'Após a realização do saque da equipe A, é correto afirmar que os jogadores que estão nas posições 2, 3 e 4 da mesma equipe, fiquem atentos para realizar qual fundamento?', 0.50, 1, 2, 2),
(78, 'No sistema tático 4x2 simples, ou 4x2 pelo meio...', 0.50, 1, 2, 2),
(79, 'No sistema tático 5x1 existem quantos levantadores na equipe?', 0.50, 1, 2, 2),
(80, 'No sistema tático 4x2 pela ponta, se um levantador na formação inicial está na posição 2, o outro deve estar em qual posição?', 0.50, 1, 2, 2),
(81, 'No sistema tático 5x1, quais os jogadores na grande maioria das vezes, ficam responsáveis pela recepção do passe?', 0.50, 1, 2, 2),
(82, 'Se o jogador está na posição 5 e quer realizar uma manchete para a posição 3, a perna direita deve estar posicionada...', 0.50, 1, 2, 2),
(83, 'Se um jogador ataca a bola pela saída de rede na paralela, a bola foi em direção a qual posição da quadra adversária?', 0.50, 1, 2, 2),
(84, 'Em uma partida de voleibol, qual a duração do tempo de descanso?', 0.50, 1, 2, 2),
(85, 'Em uma partida de voleibol, qual a duração dos tempos tecnicos?', 0.50, 1, 2, 2),
(86, 'Quantos tempos técnicos existem no tie-brake?', 0.50, 1, 2, 2),
(87, 'Qual o jogador, usualmente, utiliza passadas laterais pra realizar um bloqueio?', 0.50, 1, 2, 2),
(88, 'Qual objeto limita o espaço de cruzamento da bola de um lado da quadra para o outro?', 0.50, 1, 2, 2),
(89, 'Qual a mecânica no movimento do bloqueio defensivo?', 0.50, 1, 2, 2),
(90, 'É permitido a bola tocar em alguma parte das antenas?', 0.50, 1, 2, 2),
(91, 'Após a bola ser lançada pelo sacador....', 0.50, 1, 2, 2),
(92, 'Em relação ao toque na rede...', 0.50, 1, 2, 2),
(93, 'Se um jogador recebe um cartão vermelho em uma patida de voleibol, o que acontece com ele e a sua equipe?', 0.50, 1, 2, 2),
(94, 'Se um jogador recebe cartão amarelo e vermelho, estando os dois juntos nas mãos do árbitro, o que acontece com ele e a sua equipe?', 0.50, 1, 2, 2),
(95, 'Se um jogador recebe cartão amarelo e vermelho, estando estes em mãos separadas do árbitro, o que acontece com ele e a sua equipe?', 0.50, 1, 2, 2),
(96, 'Após o líbero sair da quadra...', 0.50, 1, 2, 2),
(97, 'No futebol, o capitão é identificado através de uma braçadeira, já no vôlei, como o capitão é identificado?', 0.50, 1, 2, 2),
(98, 'Quando jogadores de equipes opostas tocam simultaneamente na rede, o que deve ser marcado pela arbitragem?', 0.50, 1, 2, 2),
(99, 'Quando um jogador ao invés de atacar a bola com força, joga-a suavemente para a quadra adversária com a ponta dos dedos, qual o nome que damos a este movimento?', 0.50, 1, 2, 2),
(100, 'O peixinho é um fundamento de defesa utilizado na grande maioria das vezes após qual ação da equipe adversária?', 0.50, 1, 2, 2),
(101, 'Quando o capitão da equipe é substituído, quem será o novo capitão da equipe?', 0.50, 1, 2, 2),
(102, 'Quando o jogador que está na posição 6, é expressamente proibido...', 0.50, 1, 2, 2),
(103, 'Nos sistemas táticos mais avançados, existe algo que chamamos de infiltração. O que seria isso?', 0.50, 1, 2, 2),
(104, 'A bola de segunda, na maioria da vezes realizada pelo levantador, pode acontecer quando ele está em qual posição da quadra?', 0.50, 1, 2, 2),
(105, 'A quadra de voleibol é limitada no chão pelas linhas. Sendo assim, se a bola toca na linha ela é considerada...', 0.50, 1, 2, 2),
(106, 'O jogador da equipe A pode passar para o lado oposto da rede, em direção a equipe B, em alguma situação do jogo?', 0.50, 1, 2, 2),
(107, 'Quantas medalhas de ouro o Brasil já ganhou no voleibol?', 0.50, 1, 2, 2),
(108, 'O último campeão mundial de clubes, no voleibol, é um representante de qual país?', 0.50, 1, 2, 2),
(109, 'Quantas medalhas olímpicas Bernardinho tem como treinador de voleibol?', 0.50, 1, 2, 2),
(110, 'Qual a medida oficial de uma quadra de handebol?', 0.50, 1, 3, 2),
(111, 'Sobre as linhas da quadra de handebol é correto afirmar que, com exceção da linha de gol que mede 8cm, todas as demais linhas medem:', 0.50, 1, 3, 2),
(112, 'A zona de substituição da quadra de handebol se estende a uma distância de:', 0.50, 1, 3, 2),
(113, 'Em relação a linha de 7 metros da quadra de handebol é correto afirmar que:', 0.50, 1, 3, 2),
(114, 'Qual a distância entre a linha da área do gol até a baliza na quadra de handebol?', 0.50, 1, 3, 2),
(115, 'Em relação a linha de 9 metros da quadra de handebol é incorreto afirmar que:', 0.50, 1, 3, 2),
(116, 'No handebol um time-out é obrigatório exceto quando:', 0.50, 1, 3, 2),
(117, 'Qual é o número máximo de oficias permitidos na equipe técnica de uma equipe de handebol? ', 0.50, 1, 3, 2),
(118, 'Em uma partida de handebol, cada equipe tem o direito de solicitar quantos tempos técnicos?', 0.50, 1, 3, 2),
(119, 'Uma falta de substituição em uma partida de handebol deverá ser penalizada com:', 0.50, 1, 3, 2),
(120, 'As camisas do uniforme de handebol devem conter números visíveis que meçam, pelo menos:', 0.50, 1, 3, 2),
(121, 'A numeração utilizados na camisa de handebol deverá ser de:', 0.50, 1, 3, 2),
(122, 'Quando um jogador de linha entrar na área de gol deve-se tomar as seguintes decisões, exceto: ', 0.50, 1, 3, 2),
(123, 'Durante o jogo de handebol não é permitido ao jogador de linha: ', 0.50, 1, 3, 2),
(124, ' No mínimo quantas bolas devem estar disponíveis para que uma partida de handebol seja realizada?', 0.50, 1, 3, 2),
(125, 'Na cobramça de um tiro de lateral ou tiro livre do handebol, qual a distância que os jogadores adversários devem ficar?', 0.50, 1, 3, 2),
(126, 'A equipe de arbitragem de uma partida de handebol é composta por:', 0.50, 1, 3, 2),
(127, 'Qual a duração de partida tem o handebol ? ', 0.50, 1, 3, 2),
(128, 'Em uma partida de handebol, quantas subtituições são permitidas?', 0.50, 1, 3, 2),
(129, 'Qual o sistema de jogo de handebol mais utilizado em equipes escolares?', 0.50, 1, 3, 2),
(130, 'Quando um jogador de linha passa a bola para o seu próprio goleiro dentro da área de gol do handebol, é cobrado um:', 0.50, 1, 3, 2),
(131, 'Em algumas situações o jogo de handebol é reiniciado com um Tiro de Árbitro, exceto quando:', 0.50, 1, 3, 2),
(132, 'Em relação a cobrança de lateral no handebol é correto afirmar que:', 0.50, 1, 3, 2),
(133, 'É permitido ao goleiro de handebol:', 0.50, 1, 3, 2),
(134, 'O movimento de bater a bola contra o solo com uma das mãos estando o jogador parado ou em movimento, refere-se ao conceito de qual dos seguintes fudamentos de handebol?', 0.50, 1, 3, 2),
(135, 'Qual o número máximo de passos que um jogador pode dar com a bola na mão num jogo de handebol?', 0.50, 1, 3, 2),
(136, 'Quando a bola estiver rolando ou parada na área de gol do handebol, somente o(os) ____________ pode(em) pegá-la.', 0.50, 1, 3, 2),
(137, 'Quando um jogador de handebol lança a bola para dentro de sua própria área de gol, é incorreto afirmar que será:', 0.50, 1, 3, 2),
(138, 'Em relação ao manejo da bola do handebol não é permitido:', 0.50, 1, 3, 2),
(139, 'Ao analisar uma infração durante um jogo de handebol, não aplica-se o seguinte critério de tomada de decisão:', 0.50, 1, 3, 2),
(140, 'A parte do corpo contra a qual é dirigida a ação ilegal.', 0.50, 1, 3, 2),
(141, 'No Handebol, quando, ao defender, o goleiro espalmar a bola para linha de fundo o árbitro indicará que deve ser feita a cobrança de:', 0.50, 1, 3, 2),
(142, 'Quando a bola for interceptada pela barreira e sair pela linha de fundo, o arbitro de handebol deverá assinalará a cobraça de:', 0.50, 1, 3, 2),
(143, 'Quando o arbitro de handebol sinalizar jogo passivo, de que maneira a bola será reposta em jogo?', 0.50, 1, 3, 2),
(144, 'Durante uma partida de handebol o que é considerado jogo passivo?', 0.50, 1, 3, 2),
(145, ' Num jogo de handebol um gol é considerado válido quando:', 0.50, 1, 3, 2),
(146, 'No ínicio de uma partida de handebol, o tiro de saída é executado pela equipe que:', 0.50, 1, 3, 2),
(147, 'Depois de se converter um gol, o jogo de handebol recomeça por meio de um tiro de saída executado pela equipe que:', 0.50, 1, 3, 2),
(148, 'O tiro de saída de handebol se executa para qual direção do centro da quadra de jogo?', 0.50, 1, 3, 2),
(149, 'A saída de bola do jogo de handebol é precedido por um apito que deve ser executado dentro de quantos segundos?', 0.50, 1, 3, 2),
(150, 'Como o jogador que realizar o tiro de saída no handebol deve se posicionar?', 0.50, 1, 3, 2),
(151, 'A quantos metros de distância os adversários devem estar do jogador executante do tiro de saída do handebol?', 0.50, 1, 3, 2),
(152, 'Qual o número minino de atletas em uma equipe que devem estar em quadra para que se possa iniciar uma partida de handebol?', 0.50, 1, 3, 2),
(153, 'Para que uma partida de handebol em andamento não seja suspensa, qual o número minino de atletas em quadra que podem restar em uma equipe?', 0.50, 1, 3, 2),
(154, 'Num jogo de handebol, um tiro lateral é concedido quando:', 0.50, 1, 3, 2),
(155, 'Em que lugar é cobrado o tiro lateral num jogo de handebol?', 0.50, 1, 3, 2),
(156, 'Qual a distância mínima de aproximação dos adversários enquanto o lateral está sendo cobrado numa partida de handebol?', 0.50, 1, 3, 2),
(157, 'Se um jogador da equipe atacante invadir a área de gol durante um jogo de handebol, violando a regra, será marcado:', 0.50, 1, 3, 2),
(158, 'O tiro de meta do handebol é cobrado pelo jogador de qual posição?', 0.50, 1, 3, 2),
(159, 'Um tiro de meta do handebol é considerado executado quando:', 0.50, 1, 3, 2),
(160, 'Em qual linha deve ser cobrado o tiro livre num jogo de handebol?', 0.50, 1, 3, 2),
(161, 'Em qual destas situações em um jogo de handebol NÃO será marcado o tiro livre?', 0.50, 1, 3, 2),
(162, 'No handebol, quando um tiro livre for executado, os adversários devem manter uma distância de pelo menos?', 0.50, 1, 3, 2),
(163, 'Em qual destas situações NÃO será marcado o tiro de 7 metros num jogo de handebol?', 0.50, 1, 3, 2),
(164, 'Após o apito do arbitro, quantos segundo um jogador tem para executar um tiro de 7 metros durante uma partida de handebol?', 0.50, 1, 3, 2),
(165, 'Durante a execução de  um tiro de 7 metros num jogo de handebol, como os companheiros do executante devem se posicionar?', 0.50, 1, 3, 2),
(166, 'O que acontece se o goleiro de handebol cruzar a linha de limitação (linha dos 4 metros), durante a execução do tiro de 7 metros?', 0.50, 1, 3, 2),
(167, 'Obrigatóriamente, o árbitro deve apitar para reiniciar o jogo de handebol quando:', 0.50, 1, 3, 2),
(168, 'Quando um membro da comissão técnica de handebol ou algum atleta do banco de reservas for desqualificado da partida é correto afirmar que este sairá da quadra durante', 0.50, 1, 3, 2),
(169, 'Um atleta de handebol receberá até quantas advertências (cartão amarelo)?', 0.50, 1, 3, 2),
(170, 'Quanto tempo dura a exclusão de um jogador de handebol?', 0.50, 1, 3, 2),
(171, 'Após quantas exclusões de 2 minutos, um jogador é desqualificado de uma partida de handebol?', 0.50, 1, 3, 2),
(172, 'A comissão de arbitragem de handebol é composta por:', 0.50, 1, 3, 2),
(173, 'Qual a cor do uniforme preferencialmente reservado aos árbitros de handebol?', 0.50, 1, 3, 2),
(174, 'O handebol surgiu em qual país?', 0.50, 1, 3, 2),
(175, 'Em qual edição dos Jogos Olímpicos o handebol foi incluído?', 0.50, 1, 3, 2),
(176, 'Quantas medalhas olímpicas tem o Brasil no handebol?', 0.50, 1, 3, 2),
(177, 'Qual o nome oficial da federação internacional do handebol?', 0.50, 1, 3, 2),
(178, 'Em que ano foi criado o handebol?', 0.50, 1, 3, 2),
(179, 'Qual o nome do professor alemão que criou o handebol?', 0.50, 1, 3, 2),
(180, 'Qual o jogador de handebol é considerado o “coringa” do time no ataque, se posiciona entre as linhas de 6m e 9m e tem como objetivo abrir espaço na defesa adversária?', 0.50, 1, 3, 2),
(181, 'Este jogador deve ter a habilidade e o raciocínio rápido para observar se algum companheiro de time se encontra em uma posição de contra-ataque, fazendo assim o lançamento que deve ser rápido e certei', 0.50, 1, 3, 2),
(182, 'Qual jogador geralmente possue os mais fortes arremessos e é o mais alto do time de handebol, durante  o ataque é mais periogosos, pois os arremessos costumam partir dele ou de outro jogador o qual te', 0.50, 1, 3, 2),
(183, ' São  Jogadores velozes e ageis e devem possuir a capacidade de arremessar em ângulos fechados. Estas são caracteristicas de qual posição do handebol?', 0.50, 1, 3, 2),
(184, 'Este é geralmente o mais experiente jogador do time, deve saber arremesar com força e ter um grande repertório de passes. Deve possuir grande visão de jogo para se adaptar as mudanças na defesa advers', 0.50, 1, 3, 2),
(185, 'Qual das alternativas não refere-se a posição de um jogador de handebol?', 0.50, 1, 3, 2),
(186, 'Qual o principal tipo de passe utilizado no jogo de handebol?', 0.50, 1, 3, 2),
(187, 'A ação de enviar a bola ao companheiro de forma que ele consiga recebê-la para executar outra ação, recebe o nome de?', 0.50, 1, 3, 2),
(188, 'A ação de receber a bola, amortecer e reter a bola de forma adequada, recebe o nome de?', 0.50, 1, 3, 2),
(189, 'A forma de segurar a bola do handebol com uma das mãos, recebe o nome de?', 0.50, 1, 3, 2),
(190, 'O fundamento de handebol realizado sempre em direção à meta adversária, na tentativa de realizar o gol, recebe o nome de?', 0.50, 1, 3, 2),
(191, 'As formas utilizadas para se deslocar na quadra durante o jogo, quando se está de posse da bola, recebem o nome de?', 0.50, 1, 3, 2),
(192, 'O movimento de bater a bola contra o solo com uma das mãos estando o jogador parado ou em movimento, recebe o nome de?', 0.50, 1, 3, 2),
(193, 'As mudanças de direção realizadas pelo jogador atacante que está de posse de bola, recebem o nome de?', 0.50, 1, 3, 2),
(194, 'Em relação as três passadas do handebol, o atleta  que for destro começará suas passadas de que maneira?', 0.50, 1, 3, 2),
(195, 'Qual dos itens não se refere a um tipo de arremesso no handebol?', 0.50, 1, 3, 2),
(196, 'Qual dos itens NÃO é considerado um erro na realização do fundamento de recepção do handebol?', 0.50, 1, 3, 2),
(197, ' Não é considerado um erro comum na realização do passe de ombro do handebol:', 0.50, 1, 3, 2),
(198, 'Quantos passos um jogador pode dar estando driblando a bola numa partida de handebol?', 0.50, 1, 3, 2),
(199, ' O que significa a expressão \"dobrar\" no handebol?', 0.50, 1, 3, 2),
(200, ' Não é uma habilidade fundamental para uma boa recepção da bola de handebol:', 0.50, 1, 3, 2),
(201, ' Em relação ao passe de ombro do handebol, é incorreto afirmar: ', 0.50, 1, 3, 2),
(202, ' São consideradas tipos de recepções do handebol:', 0.50, 1, 3, 2),
(203, ' É uma caracteristica do arremesso em suspensão do handebol:', 0.50, 1, 3, 2),
(204, ' Qual dos arremessos abaixos é o mais utilizado nas cobranças de 7 metros do handebol?', 0.50, 1, 3, 2),
(205, ' Qual o melhor jogador de handebol do século XX?', 0.50, 1, 3, 2),
(206, 'Qual o principal objetivo do handebol?', 0.50, 1, 3, 2),
(207, 'País com maior número de jogadores masculinos de handebol eleitos como o melhor do ano', 0.50, 1, 3, 2),
(208, 'Melhor jogadora de handebol de 2014?', 0.50, 1, 3, 2),
(209, 'Qual dos ossos abaixo faz parte do membro superior?', 0.50, 1, 4, 2),
(210, 'Indique qual dos ossos abaixo não compõem a cintura pélvica.', 0.50, 1, 4, 2),
(211, 'Qual das alternativas abaixo representa uma função da caixa torácica?', 0.50, 1, 4, 2),
(212, 'Indique qual das alternativas não é o nome de um osso do corpo humano.', 0.50, 1, 4, 2),
(213, 'Quantos ossos possuem o corpo humano?', 0.50, 1, 4, 2),
(214, 'Indique qual das alternativas abaixo não corresponde a uma parte da coluna vertebral.', 0.50, 1, 4, 2),
(215, 'Quantas vértebras é composta a região cervical?', 0.50, 1, 4, 2),
(216, 'Quantas vértebras é composta a região torácica?', 0.50, 1, 4, 2),
(217, 'Quantas vértebras é composta a região lombar?', 0.50, 1, 4, 2),
(218, ' Em quantas regiões está dividida a coluna vertebral?', 0.50, 1, 4, 2),
(219, ' Quais são os nomes das regiões mais inferiores da coluna vertebral?', 0.50, 1, 4, 2),
(220, ' Qual das alternativas abaixo não representa uma função da coluna vertebral?', 0.50, 1, 4, 2),
(221, ' Tendo em conta os desvios posturais, indique qual alternativa apresenta a definição incorreta.', 0.50, 1, 4, 2),
(222, ' Indique qual dos ossos não faz parte dos membros inferiores.', 0.50, 1, 4, 2),
(223, ' Qual das alternativas abaixo não corresponde ao nome de um músculo?', 0.50, 1, 4, 2),
(224, ' Qual dos músculos abaixo está situado na região do tronco?', 0.50, 1, 4, 2),
(225, ' Indique a alternativa que melhor define a função dos músculos esqueléticos', 0.50, 1, 4, 2),
(226, ' Qual dos músculos abaixo está predominantemente envolvido no movimento do chute no futebol?', 0.50, 1, 4, 2),
(227, 'Apenas uma das alternativas abaixo não corresponde a função da musculatura esquelética.', 0.50, 1, 4, 2),
(228, ' O exercício denominado \"Desenvolvimento\" na musculação, trabalha prioritariamente qual musculatura?', 0.50, 1, 4, 2),
(229, 'O exercício denominado \"Crucifixo\" na musculação, trabalha prioritariamente qual musculatura?', 0.50, 1, 4, 2),
(230, 'O exercício denominado \"Afundo\" na musculação, trabalha prioritariamente qual musculatura?', 0.50, 1, 4, 2),
(231, 'O exercício denominado \"Remada\" na musculação, trabalha prioritariamente qual musculatura?', 0.50, 1, 4, 2),
(232, 'O exercício denominado \"Rosca Concentrada\" na musculação, trabalha prioritariamente qual musculatura?', 0.50, 1, 4, 2),
(233, 'O exercício denominado \"Barra fixa\" na musculação, trabalha prioritariamente qual musculatura?', 0.50, 1, 4, 2),
(234, 'O exercício denominado \"Mesa Flexora\" na musculação, trabalha prioritariamente qual musculatura?', 0.50, 1, 4, 2),
(235, 'O exercício denominado \"Rosca Francesa\" na musculação, trabalha prioritariamente qual musculatura?', 0.50, 1, 4, 2),
(236, 'O exercício denominado \"Elevação de Pernas\" na musculação, trabalha prioritariamente qual musculatura?', 0.50, 1, 4, 2),
(237, 'O exercício denominado \"Martelo\" na musculação, trabalha prioritariamente qual musculatura?', 0.50, 1, 4, 2),
(238, 'O exercício denominado \"Puxada a Frente\" na musculação, trabalha prioritariamente qual musculatura?', 0.50, 1, 4, 2),
(239, 'Qual das alternativas abaixo não corresponde a um músculo que compõem o Quadríceps?', 0.50, 1, 4, 2),
(240, 'Em quantas porções está dividido o Trapézio?', 0.50, 1, 4, 2),
(241, 'Em quantas porções está dividido o Deltóide?', 0.50, 1, 4, 2),
(242, 'Em qual parte do corpo está localizado o músculo Gastrocnêmio?', 0.50, 1, 4, 2),
(243, 'O exercício denominado \"Crossover\" na musculação, trabalha prioritariamente qual musculatura?', 0.50, 1, 4, 2),
(244, 'O exercício denominado \"Cadeira Extensora\" na musculação, trabalha prioritariamente qual musculatura?', 0.50, 1, 4, 2),
(245, 'O exercício denominado \"Elevação Frontal\" na musculação, trabalha prioritariamente qual musculatura?', 0.50, 1, 4, 2),
(246, 'O exercício denominado \"Kick Back\" na musculação, trabalha prioritariamente qual musculatura?', 0.50, 1, 4, 2),
(247, 'O exercício denominado \"Crucifixo Inverso\" na musculação, trabalha prioritariamente qual musculatura?', 0.50, 1, 4, 2),
(248, 'O exercício denominado \"Elevação Pélvica\" na musculação, trabalha prioritariamente qual musculatura?', 0.50, 1, 4, 2),
(249, 'O exercício denominado \"Supino\" na musculação, trabalha prioritariamente qual musculatura?', 0.50, 1, 4, 2),
(250, 'O exercício denominado \"Agachamento\" na musculação, trabalha prioritariamente qual musculatura?', 0.50, 1, 4, 2),
(251, 'Qual das alternativas a seguir não correponde a um tipo de classificação de osso?', 0.50, 1, 4, 2),
(252, 'Qual a formação do esqueleto apendicular?', 0.50, 1, 4, 2),
(253, '\" É toda estrutura anatômica em que dois ou mais ossos estão em contato.\" Essa é a definição de:', 0.50, 1, 4, 2),
(254, 'Qual das alternativas a seguir não é um exemplo de articulação?', 0.50, 1, 4, 2),
(255, 'Como poderíamos definir de forma simples e clara o significado de capacides físicas?', 0.50, 1, 4, 2),
(256, 'Qual das alternativas não corresponde a uma capacidade física?', 0.50, 1, 4, 2),
(257, 'Qual a melhor definição para flexibilidade?', 0.50, 1, 4, 2),
(258, 'Qual das repsostas corresponde a um tipo de capacidade física de resistência?', 0.50, 1, 4, 2),
(259, 'Como podemos classificar os tipos de velocidade?', 0.50, 1, 4, 2),
(260, 'Qual das allternativas abaixo corresponde a uma capacidade física?', 0.50, 1, 4, 2),
(261, 'Qual a diferença entre Flexibilidade e Alongamento?', 0.50, 1, 4, 2),
(262, 'Qual a diferença entre Resistência Aeróbica e Aneróbica?', 0.50, 1, 4, 2),
(263, 'A frase \"Cada pessoa apresenta características genéticas particulares, tornando o treino igualmente particular\" está se referindo a qual princípio de treino?', 0.50, 1, 4, 2),
(264, 'A frase \"Após algumas semanas de treino já não sinto as dores que sentia quando terminava a sessão de treino \" está se referindo a qual princípio de treino?', 0.50, 1, 4, 2),
(265, 'A frase \"Os objetivos de cada pessoa são diferentes, logo seu treino também deve ser\" está se referindo a qual princípio de treino?', 0.50, 1, 4, 2),
(266, 'A frase \"Para aprimorar as capacidades físicas é importante ir além dos estímulos que o corpo está habituado\" está se referindo a qual princípio de treino?', 0.50, 1, 4, 2),
(267, 'A frase \"Pausas frequentes e muito longas no treino dificultam o processo de desenvolvimento das capacidades físicas\" está se referindo a qual princípio de treino?', 0.50, 1, 4, 2),
(268, 'Qual das alternativas não corresponde a um princípio do treinamento?', 0.50, 1, 4, 2),
(269, 'Qual resposta corresponde a uma função do processo de transpiração do nosso organismo?', 0.50, 1, 4, 2),
(270, 'Qual das alternativas abaixo corresponde a uma opção mais adequada para a reposição de líquido perdido na transpiração?', 0.50, 1, 4, 2),
(271, 'Qual das condições abaixo não é uma consequência da desidratação?', 0.50, 1, 4, 2),
(272, 'Ao praticar uma atividade física devemos nos preocupar com a reposição líquida numa frequência de ...', 0.50, 1, 4, 2),
(273, 'Qual dos fatores abaixo dificultam a regulação da temperatura corporal?', 0.50, 1, 4, 2),
(274, 'O consumo excessivo de água também pode ser um problema. Essa condição é chamada de:', 0.50, 1, 4, 2),
(275, 'A frase \"... é um distúrbio que provoca uma perda de peso acima do que é considerável saudável para a idade e altura\" se refere a:', 0.50, 1, 4, 2),
(276, 'Qual das alternativas abaixo não corresponde a um sintoma da bulimia nervosa?', 0.50, 1, 4, 2),
(277, 'Antes de iniciar um treino o praticante deve consumir alimentos que forneçam energia para  o corpo. Neste caso os melhores tipos de alimentos são:', 0.50, 1, 4, 2),
(278, 'Após o treino o praticante deve priorizar a recuperação muscular e de energia. Neste caso os melhores tipos de alimentos respectivamente são:', 0.50, 1, 4, 2),
(279, 'Das alternativas abaixo qual delas faz a diferenciação correta entre suplementos e anabolizantes?', 0.50, 1, 4, 2),
(280, 'Qual das consequências abaixo não é causada pelo uso inadequado de anabolizantes?', 0.50, 1, 4, 2),
(281, 'Para uma pessoa que apresenta osteopenia, qual dos exercícios abaixo seria o mais indicado?', 0.50, 1, 4, 2),
(282, 'Indique qual alternativa abaixo não corresponde a um fator de risco para a hipertensão', 0.50, 1, 4, 2),
(283, 'Qual das doenças abaixo é a única que não está associada ao sedentarismo?', 0.50, 1, 4, 2),
(284, 'Assim como um carro, o corpo humano precisa de combustível para funcionar. Qual o princípal combustivel do corpo quando estamos dormindo?', 0.50, 1, 4, 2),
(285, 'Qual dos tipos de diabetes pode ser evitado com a prática de atividade física, por estar diretamente relacionado com a obesidade?', 0.50, 1, 4, 2),
(286, 'Uma das consequências do treinamento aeróbico na vida de uma pessoa é?', 0.50, 1, 4, 2),
(287, 'Qual a função das artérias?', 0.50, 1, 4, 2),
(288, 'Qual a função das veias?', 0.50, 1, 4, 2),
(289, 'Qual o método mais preciso para analisarmos o percentual de gordura?', 0.50, 1, 4, 2),
(290, 'Existem três métodos de analisarmos a gordura corporal: direto, indireto e duplamente indireto. Qual dos exemplos abaixo se referem ao duplamente indireto?', 0.50, 1, 4, 2),
(291, 'A principal causa de morte no Brasil pode ser diminuida com a prática de atividade física. Que doença é éssa?', 0.50, 1, 4, 2),
(292, 'A diabetes é uma morbidade que pode ser tratada e pevenida através da prática de atividade física. Qual outra morbidade pode ser tratada e prevenida com a prática de atividade física? ', 0.50, 1, 4, 2),
(293, 'Qual a diferença entre perder peso e emagrecer?', 0.50, 1, 4, 2),
(294, 'Para que um adulto seja classificado como desnutrido, ele deve ter IMC abaixo de quanto?', 0.50, 1, 4, 2),
(295, 'Se um adulto tem IMC de 26,7Kg/m2, ele será classificado como?', 0.50, 1, 4, 2),
(296, 'Sobre a frequência cardíaca podemos afirmar...', 0.50, 1, 4, 2),
(297, 'Qual dos benefícios indicados abaixo está relacionado com o exercício aeróbico?', 0.50, 1, 4, 2),
(298, 'Todos sabemos da importância da atividade física. Hoje em dia sabemos que adolescentes ativos tem menores chances de desenvolver qual doença na idade adulta?', 0.50, 1, 4, 2),
(299, 'O que quer dizer a sígla IMC?', 0.50, 1, 4, 2),
(300, 'Qual desses instrumentos não é utilizado para medir o nível de atividade física de um indivíduo?', 0.50, 1, 4, 2),
(301, 'Qual desses instrumentos não é utilizado para medir o gasto energética de um indivíduo?', 0.50, 1, 4, 2),
(302, 'Qual o número de passos por dia para que uma pessoa seja considerada ativa?', 0.50, 1, 4, 2),
(303, 'Qual o ponto de corte semanal para definir que crianças e adolescentes são ativos fisicamente?', 0.50, 1, 4, 2),
(304, 'Se um adulto faz atividade física vigorosa, qual o ponto de corte semanal para que ele seja considerado ativo?', 0.50, 1, 4, 2),
(305, 'Qual o ponto de corte semanal para definir que um adulto é ativo fisicamente?', 0.50, 1, 4, 2),
(306, 'A frase \"Características que, em níveis adequados, possibilitam mais energia para o trabalho e o lazer\" está se referindo ao conceito de...', 0.50, 1, 4, 2),
(307, 'A frase \"Atividade fisica planejada, estruturada, repetitiva, que objetiva a manutenção ou melhora da aptidão física\" está se referindo ao conceito de...', 0.50, 1, 4, 2),
(308, 'Frase \"Qualquer movimento corporal produzido pela musculatura esquelética que resulte em gasto energético\" está se referindo ao conceito de...', 0.50, 1, 4, 2),
(309, 'Quanto tempo o goleiro de futsal tem para repôr a bola no arremesso de meta?', 0.50, 1, 1, 2),
(310, 'A partir de quantas faltas acumulativas dentro de um período do jogo de futsal é cobrado o tiro livre direto sem barreira?', 0.50, 1, 1, 2),
(311, 'Após quantos minutos uma equipe de futsal pode repôr um jogador expulso sem que tenha sofrido gol?', 0.50, 1, 1, 2),
(312, 'Quais das dimensões abaixo são adequadas para uma partida oficial de futsal, sendo respectivamente comprimento e largura?', 0.50, 1, 1, 2),
(313, 'Numa partida de futsal da categoria adulta o tempo de jogo é dividido da seguinte forma:', 0.50, 1, 1, 2),
(314, 'Como é composta a arbitragem de um jogo de futsal?', 0.50, 1, 1, 2),
(315, 'Em qual das situações descritas a seguir a bola está em jogo no futsal?', 0.50, 1, 1, 2),
(316, 'Indique qual das infrações a seguir o árbitro de futsal marcará tiro livre indireto', 0.50, 1, 1, 2),
(317, 'No futsal, o tiro livre direto sem barreira será cobrado a uma distância de no mínimo:', 0.50, 1, 1, 2),
(318, 'Quantas substituições podem ser efetuadas no futsal por período?', 0.50, 1, 1, 2),
(319, 'Qual das situações a seguir está correta na cobrança de lateral do futsal?', 0.50, 1, 1, 2),
(320, 'Qual o tamanho da goleira de futsal, sendo respectivamente altura e largura?', 0.50, 1, 1, 2),
(321, 'O jogo de futsal é composto por duas equipes com quantos jogadores em quadra em cada time?', 0.50, 1, 1, 2),
(322, 'Qual o número mínimo de jogadores para iniciar uma partida de futsal?', 0.50, 1, 1, 2),
(323, 'Sobre as regras de substituições no futsal, é correto afirmar que:', 0.50, 1, 1, 2),
(324, 'No futsal, qual das alternativas representa uma condição para o goleiro receber a bola novamente de um companheiro estando em sua quadra de defesa?', 0.50, 1, 1, 2),
(325, 'Em que situação o goleiro poderá pegar a bola com a mão vinda de um companheiro?', 0.50, 1, 1, 2),
(326, 'Em qual das situações a seguir o gol é validado no futsal quando a bola entra diretamente a gol?', 0.50, 1, 1, 2),
(327, 'Qual a distância da marca penal até o gol no futsal?', 0.50, 1, 1, 2),
(328, 'Qual destas situações o árbitro de futsal marcará tiro livre direto?', 0.50, 1, 1, 2),
(329, 'Qual o número mínimo de jogadores na quadra para que possa dar seguimento a uma partida de futsal?', 0.50, 1, 1, 2),
(330, 'Considere a seguinte definição: (...) consiste na execução individual dos fundamentos básicos do futsal. ', 0.50, 1, 1, 2),
(331, 'Quais das alternativas não corresponde a um fundamento técnico do futsal?', 0.50, 1, 1, 2),
(332, '\"É o meio de comunicação entre os jogadores de uma equipe, possibilitando o jogo em conjunto\". De qual fundamento técnico do futsal estamos falando?', 0.50, 1, 1, 2),
(333, 'Qual das alternativas abaixo NÃO corresponde a um tipo de classificação do passe do futsal?', 0.50, 1, 1, 2),
(334, 'Para que o passe no futsal tenha mais precisão, qual parte do pé devemos utilizar para executar o fundamento?', 0.50, 1, 1, 2),
(335, 'Qual dos tipos de passes do futsal serve para enviar a bola por cima do adversário?', 0.50, 1, 1, 2),
(336, 'Dos conceitos a seguir, qual deles define melhor o fundamento chute do futsal?', 0.50, 1, 1, 2),
(337, 'Qual das alternativas abaixo representa a melhor opção para chutar uma bola alta?', 0.50, 1, 1, 2),
(338, 'Qual das alternativas abaixo é a mais adequada para a recepção da bola rasteira no futsal?', 0.50, 1, 1, 2),
(339, 'O conceito \"carregar a bola de uma zona para outra da quadra\" refere-se a qual fundamento técnico do futsal?', 0.50, 1, 1, 2),
(340, 'Qual a forma mais adequada para conduzir a bola no momento de um contra-ataque em velocidade no futsal?', 0.50, 1, 1, 2),
(341, 'Qual a forma mais adequada para conduzir a bola no futsal quando se requer mais controle da bola?', 0.50, 1, 1, 2),
(342, 'Qual a diferença entre os fundamentos de drible e finta do futsal?', 0.50, 1, 1, 2),
(343, 'Controle de bola no futsal é considerado um:', 0.50, 1, 1, 2),
(344, 'Qual destas partes do corpo não é geralmente utilizada para controle de bola no futsal?', 0.50, 1, 1, 2),
(345, 'Qual a melhor definição para o cabeceio no futsal?', 0.50, 1, 1, 2),
(346, 'Considerando as alternativas a seguir, qual delas não é um princípio da marcação do futsal?', 0.50, 1, 1, 2),
(347, 'Qual destes fundamentos do goleiro de futsal é mais importante para uma ação de contra-ataque?', 0.50, 1, 1, 2),
(348, 'Tendo em conta as recentes mudanças nas regras do goleiro de futsal, quais fundamentos técnicos o goleiro precisa aprimorar?', 0.50, 1, 1, 2),
(349, 'Qual é a melhor definição para esquema tático?', 0.50, 1, 1, 2),
(350, 'Qual dos tipos de marcação abaixo não corresponde a uma opção de marcação no futsal?', 0.50, 1, 1, 2),
(351, 'A marcação individual é um sistema defensivo que:', 0.50, 1, 1, 2),
(352, 'Numa situação onde a equipe adversária apresenta maior qualidade técnica e física que o seu time, a melhor opção defensiva é:', 0.50, 1, 1, 2),
(353, 'Quando sua equipe de futsal vai enfrentar um adversário que é inferior tecnicamente, qual a melhor opção defensiva?', 0.50, 1, 1, 2),
(354, 'O que são linhas de marcação no futsal?', 0.50, 1, 1, 2),
(355, 'Das afirmações abaixo sobre as linhas de marcação no futsal, qual delas é a única que está correta?', 0.50, 1, 1, 2),
(356, 'Qual dos tipos de marcação utilizadas no futsal não corresponde a marcação zona?', 0.50, 1, 1, 2),
(357, 'Em qual das situações abaixo a marcação zona é a mais indicada num jogo de futsal?', 0.50, 1, 1, 2),
(358, 'Qual das marcações abaixo corresponde a um tipo de sistema defensivo misto no futsal?', 0.50, 1, 1, 2),
(359, 'Qual dos sistemas ofensivos do futsal indicados nas alternativas é o mais elementar?', 0.50, 1, 1, 2),
(360, 'Tendo em conta os sistemas ofensivos do futsal podemos afirmar que:', 0.50, 1, 1, 2),
(361, 'Analisando as alternativas, qual delas não apresenta a definição correta?', 0.50, 1, 1, 2),
(362, 'Qual das alternativas não corresponde a um padrão de jogo do futsal?', 0.50, 1, 1, 2),
(363, 'Qual padrão de jogo é mais adequado para utilizar contra uma equipe que utiliza marcação zona?', 0.50, 1, 1, 2),
(364, 'Indique o padrão de jogo que não utiliza um jogador com a posição específica de pivô.', 0.50, 1, 1, 2),
(365, 'Indique qual das alternativas representa melhor a definição do padrão pela ala', 0.50, 1, 1, 2),
(366, 'Qual das alternativas representam padrões de jogo que utilizam o movimento realizado por quatro jogadores', 0.50, 1, 1, 2),
(367, 'Em que situação do jogo as equipes costuma utilizar o padrão com goleiro linha?', 0.50, 1, 1, 2),
(368, 'Qual dos padrões de jogo não pode ser adotado por uma equipe que sofre marcação pressão do seu adversário?', 0.50, 1, 1, 2),
(369, 'O Futsal surgiu na dácada de:', 0.50, 1, 1, 2),
(370, 'Apesar de algumas divergências, o país considerado precursor do Futsal é:', 0.50, 1, 1, 2),
(371, 'Nos seus primórdios, o futsal era denominado:', 0.50, 1, 1, 2),
(372, 'No Brasil o futsal chegou primeiro em qual estado?', 0.50, 1, 1, 2),
(373, 'Qual foi a entidade reconhecida como a precursora do esporte no Brasil?', 0.50, 1, 1, 2),
(374, 'Em qual década o esporte foi oficializado no Brasil?', 0.50, 1, 1, 2),
(375, 'Até a década de 90, qual era o nome do orgão internacional que regulamentava o futsal?', 0.50, 1, 1, 2),
(376, 'Por conta de algumas peculiaridades do futsal, inicialmente o esporte foi carinhosamente apelidado como:', 0.50, 1, 1, 2),
(377, 'Qual o nome do criador do Futsal?', 0.50, 1, 1, 2),
(378, 'Com qual objetivo foi criado o futsal?', 0.50, 1, 1, 2),
(379, 'Em que ano é considerado a chegada oficial do Futebol no Brasil?', 0.50, 1, 1, 2),
(380, 'Qual foi o responsável por trazer oficialmente o Futebol para o Brasil?', 0.50, 1, 1, 2),
(381, 'Como chegou o Futebol ao Brasil?', 0.50, 1, 1, 2),
(382, 'Qual das alternativas representa melhor as caracetrísticas do Futebol nos primeiros anos que chegou ao Brasil?', 0.50, 1, 1, 2),
(383, 'Como foi a inserção dos negros no futebol brasileiro?', 0.50, 1, 1, 2),
(384, 'Qual era o papel das mulheres nos jogos de futebol logo que ele chegou ao Brasil?', 0.50, 1, 1, 2),
(385, 'De que forma os negros começaram a participar dos clubes de futebol?', 0.50, 1, 1, 2),
(386, 'Qual dos clubes cariocas citados abaixo foi o mais resistente para abrir as portas a jogadores negros?', 0.50, 1, 1, 2),
(387, 'Em qual período podemos afirmar que o futebol e a política estiveram mais próximos no Brasil?', 0.50, 1, 1, 2),
(388, 'Qual das alternativas abaixo não corresponde a uma justificativa para a falta de apoio ao futebol feminino no Brasil?', 0.50, 1, 1, 2),
(389, 'Ao incluir no regulamento do campeonato paulista de futebol feminino que é proibido raspar o cabelo, a federação está reforçando:', 0.50, 1, 1, 2),
(390, 'Qual das jogadoras de futebol brasileiras foi considerada mais vezes a melhor jogadora do mundo?', 0.50, 1, 1, 2),
(391, 'Qual a melhor colocação da seleção brasileira de futebol feminino em Copa do Mundo da FIFA?', 0.50, 1, 1, 2),
(392, 'Qual a jogadora de futebol brasileira com mais participações em jogos olímpicos', 0.50, 1, 1, 2),
(393, 'Qual destas datas não corresponde a um ano que o Brasil foi campeão da Copa do Mundo?', 0.50, 1, 1, 2),
(394, 'Dos craques brasileiros listados abaixo, qual nunca foi campeão do mundo pela seleção brasileira de futebol?', 0.50, 1, 1, 2),
(395, 'Em que ano foi realizada a primeira Copa do Mundo de Futebol Masculino?', 0.50, 1, 1, 2),
(396, 'Em que ano foi realizada a primeira Copa do Mundo de Futebol Feminino?', 0.50, 1, 1, 2),
(397, 'Qual time brasileiro foi o primeiro a ser campeão mundial de clubes?', 0.50, 1, 1, 2),
(398, 'Qual dos times brasileiros abaixo é conhecido como Tricolor?', 0.50, 1, 1, 2),
(399, 'Qual das alternativas a seleção nacional não corresponde a uma data de título de copa do mundo?', 0.50, 1, 1, 2),
(400, 'Qual das alternativas o clube brasileiro não corresponde a uma data de título mundial de clubes?', 0.50, 1, 1, 2),
(401, 'Qual é o nome do treinador brasileiro campeão do mundo em 2002?', 0.50, 1, 1, 2),
(402, 'Qual era a dupla de ataque do Brasil campeão do mundo em 1994?', 0.50, 1, 1, 2),
(403, 'Qual dos países abaixo nunca foi campeão do mundo de futsal?', 0.50, 1, 1, 2),
(404, 'Em que ano aconteceu o primeiro campeonato mundial de futsal?', 0.50, 1, 1, 2),
(405, 'Como é denominada a maior competição de futsal de clubes no âmbito nacional?', 0.50, 1, 1, 2),
(406, 'Qual é o nome do orgão que rege o futsal brasileiro?', 0.50, 1, 1, 2),
(407, 'Qual o nome do jogador de futsal brasileiro quatro vezes escolhido o melhor do mundo pela FIFA?', 0.50, 1, 1, 2),
(408, 'Qual das equipes brasileiras foi a primeira campeã do mundo de futsal?', 0.50, 1, 1, 2),
(409, 'São implementos utilizados nos arremessos/lançamentos?', 0.50, 1, 5, 2),
(410, 'Quais das alternativas abaixo correspondem aos diferentes tipos de Saltos do Atletismo?', 0.50, 1, 5, 2),
(411, 'Qual das alternativas abaixo corresponde a corrida mais longa no atletismo?', 0.50, 1, 5, 2),
(412, 'O Atletismo é uma modalidade esportiva em que as provas na maioria das vezes são disputadas individualmente, exceto:', 0.50, 1, 5, 2),
(413, 'Quais os comando do arbitro para dar ínicio a uma corrida de 100m?', 0.50, 1, 5, 2),
(414, 'Qual a distância de uma maratona?', 0.50, 1, 5, 2),
(415, 'Nesta prova o atleta deve correr  em uma pista, de no mínimo 40 metros,  efetuar um salto antes de uma tábua de impulsão e cair em uma caixa de areia. Que tipo de salto a descrição se refere?', 0.50, 1, 5, 2),
(416, 'O dardo pesa ______ gramas para as mulheres e _____ gramas para os homens.', 0.50, 1, 5, 2),
(417, ' O lançamento de peso consiste no arremesso de uma esfera metálica que pesa _____ para os homens adultos e _____ para as mulheres. ', 0.50, 1, 5, 2),
(418, 'Qual o peso do disco nas provas femininas e masculinas respectivamente?', 0.50, 1, 5, 2),
(419, 'Qual a prova oficial mais curta do Atletismo?', 0.50, 1, 5, 2),
(420, 'Em uma prova de 10.000 metros, quantas voltas na pista os atletas precisam percorrer?', 0.50, 1, 5, 2),
(421, 'Quantos metros tem uma pista oficial de atletismo?', 0.50, 1, 5, 2),
(422, 'Nas provas de velocidade (100m, 200m e 400m), quantas vezes o atleta pode queimar, ou seja, sair em falso antes do tiro de largada até que seja desclassificado da prova?', 0.50, 1, 5, 2),
(423, 'Quantas raias tem uma pista de atletismo oficial?', 0.50, 1, 5, 2),
(424, ' Quantas provas compõem o Decatlo e o Heptatlo, respectivamente?', 0.50, 1, 5, 2),
(425, ' Quais são as provas que compõem o Heptatlo?', 0.50, 1, 5, 2),
(426, 'Qual é o nome do equipamento utilizado na largada das provas curtas, cuja função é auxiliar a impulsão.', 0.50, 1, 5, 2),
(427, 'Dentre as corridas abaixo, qual inicia-se na curva de pista de atletismo?', 0.50, 1, 5, 2),
(428, 'Na prova de revezamento no atletismo, é realizado por quantos atletas?', 0.50, 1, 5, 2),
(429, 'Quais são os três tipos de saídas em um bloco de partida?', 0.50, 1, 5, 2),
(430, 'Marque a alternativa abaixo que correspode a provas raiadas no atletismo?', 0.50, 1, 5, 2),
(431, 'Qual a largura da raia em uma pista de atletismo?', 0.50, 1, 5, 2),
(432, 'Em uma prova de revezamento, o que deve estar sempre dentro da zona de passagem para que ela seja válida?', 0.50, 1, 5, 2),
(435, 'Na partida de uma corrida, o que significa a bandeira verde?', 0.50, 1, 5, 2),
(436, ' Será parado o cronometro de uma corrida apôs o atleta ultrapassar a linha de chegada com o:', 0.50, 1, 5, 2),
(437, 'Na corrida com Barreiras, um atleta passar seu pé ou perna abaixo ou ao lado da barreira ele será:', 0.50, 1, 5, 2),
(438, 'Qual a distância padrão de uma corrida com obstaculos?', 0.50, 1, 5, 2),
(439, 'Em uma corrida com obstaculos, com a distância de 2.000 metros, quantos saltos sobre obstáculos e sobre o fosse de água o atleta devera dar?', 0.50, 1, 5, 2),
(440, ' Nas corridas com obstáculos, o atleta devera saltar por:', 0.50, 1, 5, 2),
(441, 'Qual a distância da zona de passagem do bastão em uma corrida de revezamento?', 0.50, 1, 5, 2),
(442, 'Qual é o comprimento de um bastão, utilizados na corrida de revezamento?', 0.50, 1, 5, 2),
(443, 'O atleta deve se impulsionar apenas com um pé na prova de?', 0.50, 1, 5, 2),
(444, 'A distância entre os postes no slato em altura é de :', 0.50, 1, 5, 2),
(445, ' O salto Triplo consiste em ?', 0.50, 1, 5, 2),
(447, 'Qual o peso do martelo masculino?', 0.50, 1, 5, 2),
(448, ' Qual o peso do Martelo feminino?', 0.50, 1, 5, 2),
(449, 'O lançamento de Martelo é efetuado em uma:', 0.50, 1, 5, 2),
(450, 'Qual o comprimento de um dardo masculino?', 0.50, 1, 5, 2),
(451, 'Qual o comprimento de um dardo feminino?', 0.50, 1, 5, 2),
(452, 'Quais são as Provas Combinadas?', 0.50, 1, 5, 2),
(453, ' Quais provas combinadas são realizadas por mulheres?', 0.50, 1, 5, 2),
(454, 'Quais provas combinadas são realizadas por homens?', 0.50, 1, 5, 2),
(460, 'O atletismo e o conjunto de algumas provas. Quais são elas?', 0.50, 1, 5, 2),
(461, 'Grande parte das provas do atletismo, são realizadas em?', 0.50, 1, 5, 2),
(463, 'No revezamento, cada atleta percorre?', 0.50, 1, 5, 2),
(464, 'No salto em distância, qual o tamanho minimo do corredor de salto?', 0.50, 1, 5, 2),
(465, 'Qual a largura da tábua no salto em distância?', 0.50, 1, 5, 2),
(466, 'Qual  o principal objetivo de uma prova de arremesso de peso?', 0.50, 1, 5, 2),
(467, 'No Brasil as competições de atletismo são organizadas pelo?', 0.50, 1, 5, 2),
(468, 'Usain Bolt, é conhecido por quebrar records en quais provas do atletismo?', 0.50, 1, 5, 2),
(469, 'Atualmente, de quem é o recorde mundial da corrida de 100 metros rasos?', 0.50, 1, 5, 2),
(470, 'Qual o tempo recorde dos 100 mestros rasos?', 0.50, 1, 5, 2),
(471, 'De quem é o recorde mundial da maratona?', 0.50, 1, 5, 2),
(472, 'Atualmente, qual o tempo recorde de uma maratona?', 0.50, 1, 5, 2),
(476, 'Qual o tempo recorde dos 400 metros rasos?', 0.50, 1, 5, 2),
(477, 'Quem é o recordista do salto em alrura?', 0.50, 1, 5, 2),
(478, 'Qual a altura recorde do salto em altura?', 0.50, 1, 5, 2),
(479, 'Quem é o recordista do salto em distância?', 0.50, 1, 5, 2),
(480, 'Qual é a distância recorde no salto em distância?', 0.50, 1, 5, 2),
(481, 'Quem é o recordista no salto triplo?', 0.50, 1, 5, 2),
(482, 'Qual é a distância recorde do salto triplo?', 0.50, 1, 5, 2),
(483, 'Quem é a recordista do lançamento de martelo femino?', 0.50, 1, 5, 2),
(484, 'Qual a distância recorde do lançamento de martelo femino?', 0.50, 1, 5, 2),
(485, 'Em que dia é comemorado o dia do atletismo?', 0.50, 1, 5, 2),
(487, 'Quantas medalhas de ouro Usain Bolt ganhou na olimpiada de londres em 2012?', 0.50, 1, 5, 2),
(488, 'O Penúltimo Mundial de atletismo aconteceu em?', 0.50, 1, 5, 2),
(489, 'O último Mundial de Atletismo realizado em Pequim aconteceu em ?', 0.50, 1, 5, 2),
(490, 'No Mundial de Atletismo em Pequim, qual foi o país destaque?', 0.50, 1, 5, 2),
(491, 'Onde será realizado o Mundial de atletismo de 2017?', 0.50, 1, 5, 2),
(492, 'Em que ano aconteceu o primeiro Mundial de Atletismo?', 0.50, 1, 5, 2),
(493, 'Em que país aconteceu o primeiro mundial de Atletismo?', 0.50, 1, 5, 2);
INSERT INTO `pergunta` (`ID_PERGUNTA`, `DESCRICAO`, `PONTUACAO`, `ID_DISCIPLINA`, `ID_CATEGORIA`, `ID_USUARIO`) VALUES
(494, 'Quem foi o atleta destaque da antiguidade ?', 0.50, 1, 5, 2),
(495, 'O atletismo é comporto por quantas modalidade?', 0.50, 1, 5, 2),
(496, 'Onde o Atletismo nasceu?', 0.50, 1, 5, 2),
(497, 'As corridas são divididas em:', 0.50, 1, 5, 2),
(498, 'A corrida de São silvestre ocorre em que cidade do Brasil?', 0.50, 1, 5, 2),
(499, 'A corrida envolve:', 0.50, 1, 5, 2),
(500, 'A maratona é uma corrida de:', 0.50, 1, 5, 2),
(501, 'Qual a principal variavél fisica que maratona envolve:', 0.50, 1, 5, 2),
(503, 'Qual o principal objetivo da corrida?', 0.50, 1, 5, 2),
(505, 'Qual prova que o atleta tem que correr com um bastão na mão e passar para seu colega de equipe?', 0.50, 1, 5, 2),
(506, 'Qual é a media da distância das maratonas?', 0.50, 1, 5, 2),
(507, 'O salto em altura também é conheicodo com :', 0.50, 1, 5, 2),
(508, 'O salto em distância também é conhecido como:', 0.50, 1, 5, 2),
(509, 'Quantos jogadores em quadra fazem parte de uma equipe de basquete?', 0.50, 1, 6, 2),
(510, 'Qual o máximo de pontos que pode valer uma cesta no basquete?', 0.50, 1, 6, 2),
(511, 'Qual o jogador responsável por organizar uma equipe de basquete?', 0.50, 1, 6, 2),
(512, 'Qual o mínimo de pontos que pode valer uma cesta no basquete?', 0.50, 1, 6, 2),
(513, 'Qual o jogador responsável por pegar rebotes em uma equipe de basquete?', 0.50, 1, 6, 2),
(514, 'Qual altura do aro até o chão em uma quadra de basquete?', 0.50, 1, 6, 2),
(515, 'Quantos cartões cada jogador pode receber em uma partida de basquete?', 0.50, 1, 6, 2),
(516, 'Quantas substituições um treinador pode fazer em um jogo de basquete?', 0.50, 1, 6, 2),
(517, 'Em quantos períodos é dividido o jogo de basquete?', 0.50, 1, 6, 2),
(518, 'Em quantos tempos é dividido um jogo de basquete?', 0.50, 1, 6, 2),
(519, 'Qual duração de cada período no basquete?', 0.50, 1, 6, 2),
(520, 'Quantos pedidos de tempo, no máximo, cada treinador pode pedir no primeiro tempo de uma partida de basquete?', 0.50, 1, 6, 2),
(521, 'Quantos pedidos de tempo, no máximo, cada treinador pode pedir no segundo tempo de uma partida de basquete?', 0.50, 1, 6, 2),
(522, 'Qual o tamanho de uma quadra oficial de basquete?', 0.50, 1, 6, 2),
(523, 'Quantas bolas ao alto existem em uma partida oficial de basquete?', 0.50, 1, 6, 2),
(524, 'Quando acontece uma bola presa em uma partida de basquete, qual atitude deve tomar um árbitro?', 0.50, 1, 6, 2),
(525, 'Ganha um jogo de basquete a equipe que fizer...', 0.50, 1, 6, 2),
(526, 'Se uma pessoa faz uma cesta, arremessando a bola de antes do meio da quadra, quantos pontos valerá esta cesta?', 0.50, 1, 6, 2),
(527, 'Se uma pessoa faz uma cesta, arremessando a bola de dentro do garrafão, quantos pontos valerá esta cesta?', 0.50, 1, 6, 2),
(528, 'Se uma pessoa faz uma cesta, arremessando a bola em um lance livre, quantos pontos valerá esta cesta?', 0.50, 1, 6, 2),
(529, 'Quantas violações relacionadas ao tempo existem no basquete?', 0.50, 1, 6, 2),
(530, 'Qual o tempo máximo que uma equipe de basquete tem para realizar o arremesso a cesta?', 0.50, 1, 6, 2),
(531, 'Qual o tempo máximo que um jogador de ataque pode ficar dentro do garrafão da equipe adversária?', 0.50, 1, 6, 2),
(532, 'Qual o tempo máximo que uma equipe tem para sair da quadra de defesa para a de ataque?', 0.50, 1, 6, 2),
(533, 'Qual o tempo máximo que um jogador pode ficar segurando a bola estando um adversário marcando de perto?', 0.50, 1, 6, 2),
(534, 'Quantas faltas individuais cada jogador pode realizar em uma partida de basquete, para ser desqualificado?', 0.50, 1, 6, 2),
(535, 'Quantas faltas coletivas uma equipe pode realizar em cada período, sem ser penalizadas com lance livres?', 0.50, 1, 6, 2),
(536, '\"Picado e de peito\" são tipos de qual fundamento do basquete?', 0.50, 1, 6, 2),
(537, '\"Bandeja\" é o tipo de qual fundamento do basquete?', 0.50, 1, 6, 2),
(538, 'Em relação ao passe de peito, é correto afirmar...', 0.50, 1, 6, 2),
(539, 'Qual das alternativas abaixo não é um fundamento básico do basquetebol?', 0.50, 1, 6, 2),
(540, 'Qual dos fundamentos do basquetebol tem como objetivo \"levar o praticante a ter um eficiente domínio sobre a bola\"?', 0.50, 1, 6, 2),
(541, 'Qual dos fundamentos abaixo é o mais utilizado em um jogo de basquetebol?', 0.50, 1, 6, 2),
(542, 'Tipo de drible no basquetebol que é utilizado quando o jogador está sofrendo marcação próxima', 0.50, 1, 6, 2),
(543, 'Tipo de drible no basquetebol que é utilizado quando o jogador está iniciando um contra-ataque.', 0.50, 1, 6, 2),
(544, 'Qual das alternativas define melhor o fundamento drible no basquetebol?', 0.50, 1, 6, 2),
(545, 'Qual das alternativas abaixo não corresponde a um tipo de drible no basquetebol?', 0.50, 1, 6, 2),
(546, 'Qual dos fundamentos abaixo nos permite avançar com mais velocidade da defesa para o ataque no basquetebol?', 0.50, 1, 6, 2),
(547, '\"É um passe rápido e preciso, usado na armação do ataque pelos armadores e alas\". A descrição refere-se a que tipo de passe no basquetebol?', 0.50, 1, 6, 2),
(548, '\"É um passe usado para curtas distâncias, e quando o jogador está sob pressão\". A descrição refere-se a que tipo de passe no basquetebol?', 0.50, 1, 6, 2),
(549, '\"É um passe normalmente utilizado para servir os pivôs próximo a cesta\". A descrição refere-se a que tipo de passe no basquetebol?', 0.50, 1, 6, 2),
(550, 'Qual das alternativas abaixo corresponde a um tipo de manejo de corpo no basquetebol?', 0.50, 1, 6, 2),
(551, 'Como podem ser divididos os tipos de passes no basquetebol?', 0.50, 1, 6, 2),
(552, 'Qual das alternativas abaixo corresponde a um tipo de passe especial no basqauetebol?', 0.50, 1, 6, 2),
(553, '\"É o mais indicado quando deseja-se enviar a bola de um lado ao outro da quadra\". A descrição refere-se a que tipo de passe no basquetebol?', 0.50, 1, 6, 2),
(554, 'O arremesso de gancho é utilizado com  mais frequência por jogador de  qual posição no basquetebol?', 0.50, 1, 6, 2),
(555, 'Qual das situações de um jogo de basquetebol é a mais indicada para o uso do arremesso de bandeja?', 0.50, 1, 6, 2),
(556, 'Qual dos arremessos no basquetebol é o mais indicado quando se está numa situação de lance livre?', 0.50, 1, 6, 2),
(557, 'Quais são os tipos de rebotes no basquetebol?', 0.50, 1, 6, 2),
(558, 'Qual das alternativas abaixo corresponde normalmente a posição que exige o jogador mais alto no basquetebol?', 0.50, 1, 6, 2),
(559, 'Qual das posições abaixo corresponde ao jogador que a habilidade com a bola e o manejo do corpo é mais importante que a altura?', 0.50, 1, 6, 2),
(560, 'Quando uma equipe sai da quadra de defesa e vai para a de ataque, o que ela não poderá fazer?', 0.50, 1, 6, 2),
(561, 'A violação dos 3 segundos, geralmente é cometida por qual jogador de uma equipe de basquete?', 0.50, 1, 6, 2),
(562, 'Em relação ao pé-de-pivô é correto dizer que:', 0.50, 1, 6, 2),
(563, 'Sobre o lateral no basquete é correto afirmar que:', 0.50, 1, 6, 2),
(564, 'No lance-livre, o jogador que realiza o arremesso, só poderá tentar pegar o rebote quando...', 0.50, 1, 6, 2),
(565, 'Qual das situações abaixo é considerada lateral no Basquete?', 0.50, 1, 6, 2),
(566, 'Em um jogo de Basquete é correto afirmar que:', 0.50, 1, 6, 2),
(567, 'Podemos afirmar que o criador do basquetebol foi...', 0.50, 1, 6, 2),
(568, 'Qual foi um dos prinicpais motivos para a criação do Basquetebol?', 0.50, 1, 6, 2),
(569, 'O Basquetebol é oriundo de qual país?', 0.50, 1, 6, 2),
(570, 'Sobre o basquetebol no Brasil, qual das afirmativas abaixo é incorreta?', 0.50, 1, 6, 2),
(571, 'Qual o número mínimo de jogadores que deve ter uma equipe de Basquete para que tenha uma partida, após seu começo?', 0.50, 1, 6, 2),
(572, 'Durante uma partida de Basquete, alguns jogadores em quadra se envolveram em uma confusão. Com base nesta afirmativa responda a alternativa correta:', 0.50, 1, 6, 2),
(573, 'Se um jogo de basquete terminar empatado no seu tempo normal…', 0.50, 1, 6, 2),
(574, 'Como se dá o começo de uma prorrogação no Basquete?', 0.50, 1, 6, 2),
(575, 'Quantas prorrogações poderão existir em um jogo de Basquete?', 0.50, 1, 6, 2),
(576, 'Quantos pedidos de tempo cada treinador terá em uma prorrogação no Basquete?', 0.50, 1, 6, 2),
(577, 'Em uma prorrogação no Basquete, é correto afirmar que…', 0.50, 1, 6, 2),
(578, 'Qual a duração de uma prorrogação no Basquete?', 0.50, 1, 6, 2),
(579, 'Na prorrogação, o que acontece com as faltas individuais?', 0.50, 1, 6, 2),
(580, 'Quantos tipos de paradas bruscas existem no Basquete?', 0.50, 1, 6, 2),
(581, 'Qual o nome dado aos tipos de paradas bruscas no Basquete?', 0.50, 1, 6, 2),
(582, 'Em um jogo de Basquete, a parada brusca de 1 tempo é realizada basicamente antes de ser realizado qual ação?', 0.50, 1, 6, 2),
(583, 'Em um jogo de Basquete, a parada brusca de 2 tempos é realizada basicamente para evitar qual violação?', 0.50, 1, 6, 2),
(584, 'Para a execução correta de um arremesso no Basquete, é correto afirmar que…', 0.50, 1, 6, 2),
(585, 'Para a execução correta de um arremesso no Basquete, é correto afirmar que…', 0.50, 1, 6, 2),
(586, 'Os sistemas táticos do Basquete são semelhantes a qual esporte?', 0.50, 1, 6, 2),
(587, 'Sobre os sistemas táticos do basquetebol, podemos afirmar que são divididos em:', 0.50, 1, 6, 2),
(588, 'Podemos dividir os sistemas defensivos do basquetebol em:', 0.50, 1, 6, 2),
(589, 'Qual é o sistema defensivo por zona mais utilizado no basquete?', 0.50, 1, 6, 2),
(590, 'Qual o sistema ofensivo mais utilizado no basquete?', 0.50, 1, 6, 2),
(591, 'Qual das alternativas abaixo não é uma característica positiva do sistema defensivo 2:1:2 no basquetebol?', 0.50, 1, 6, 2),
(592, 'Sobre o sistema defensivo 2:1:2 no basquetebol podemos afirmar que:', 0.50, 1, 6, 2),
(593, 'Marque a alternativa incorreta. É uma característica do sistema de marcação individual no basquetebol:', 0.50, 1, 6, 2),
(594, 'No basquetebol, o sistema defensivo denominado \"Box-One\"é considerado um sistema:', 0.50, 1, 6, 2),
(595, 'Assinale a alternativa correta. A forma geométrica utilizada no sistema defensivo do basquete \"Box-One\"é:', 0.50, 1, 6, 2),
(596, 'A junção do sistema defensivo, individual e zona, é chamado no basquete de sistema...', 0.50, 1, 6, 2),
(597, 'A equipe A marca a equipe B em toda a quadra, sem deixar nenhum espaço para eles se movimentarem para trocar a bola. A este tipo de marcação damos qual nome?', 0.50, 1, 6, 2),
(598, 'Qual o número mínimo de substituições obrigatórias no Basquete?', 0.50, 1, 6, 2),
(599, 'Qual o limite máximo de pontos que tem um jogo de Basquete?', 0.50, 1, 6, 2),
(600, 'Qual o número mínimo de jogadores que deve ter uma equipe de Basquete para que tenha início uma partida?', 0.50, 1, 6, 2),
(601, 'O passe quicado é mais apropriado de ser utilizado em...', 0.50, 1, 6, 2),
(602, 'O passe sobre a cabeça é na maioria das vezes utilizado para passarmos a bola para qual jogador da equipe?', 0.50, 1, 6, 2),
(603, 'Qual o motivo de realizamos o corta-luz no Basquete?', 0.50, 1, 6, 2),
(604, 'Qual o jogador de uma equipe de Basquete que na maioria das vezes não realiza o corta-luz', 0.50, 1, 6, 2),
(605, 'Quando um treinador pede tempo faltando menos de 2 minutos para terminar a partida, de onde é realizada a reposição de bola?', 0.50, 1, 6, 2),
(606, 'Quando um treinador pede tempo exceto faltando 2 minutos para terminar a partida, de onde é realizada a reposição de bola?', 0.50, 1, 6, 2),
(607, 'Qual dos números abaixo é permitidos ser utilizado no uniforme de jogadores de Basquete', 0.50, 1, 6, 2),
(608, 'Qual o nome se dá, de forma popular, a ação de um defensor que ao ver o jogador da equipe adversária arremessar a bola a cesta, salta e realiza um bloqueio?', 0.50, 1, 6, 2),
(609, 'Qual o número mínimo de jogadores para se iniciar uma partida de Futsal?', 0.50, 1, 1, 2);

-- --------------------------------------------------------

--
-- Estrutura para tabela `pergunta_quiz`
--

CREATE TABLE `pergunta_quiz` (
  `ID_PERGUNTA_QUIZ` int(11) NOT NULL,
  `ID_PERGUNTA` int(11) NOT NULL,
  `ID_QUIZ` int(11) NOT NULL,
  `ID_TURMA` int(11) NOT NULL
) ENGINE=InnoDB DEFAULT CHARSET=utf8 ROW_FORMAT=COMPACT;

--
-- Despejando dados para a tabela `pergunta_quiz`
--

INSERT INTO `pergunta_quiz` (`ID_PERGUNTA_QUIZ`, `ID_PERGUNTA`, `ID_QUIZ`, `ID_TURMA`) VALUES
(22, 535, 4, 12),
(23, 571, 4, 12),
(24, 608, 4, 12),
(25, 515, 4, 12),
(26, 592, 4, 12),
(27, 555, 4, 12),
(28, 521, 4, 12),
(29, 537, 4, 12),
(30, 553, 4, 12),
(31, 514, 4, 12),
(32, 394, 1, 1),
(33, 379, 1, 1),
(34, 346, 1, 1),
(35, 364, 1, 1),
(36, 348, 1, 1),
(37, 357, 1, 1),
(38, 372, 1, 1),
(39, 332, 1, 1),
(40, 320, 1, 1),
(41, 310, 1, 1),
(42, 120, 2, 3),
(43, 159, 2, 3),
(44, 140, 2, 3),
(45, 144, 2, 3),
(46, 198, 2, 3),
(47, 115, 2, 3),
(48, 172, 2, 3),
(49, 110, 2, 3),
(50, 139, 2, 3),
(51, 194, 2, 3),
(52, 66, 11, 12),
(53, 41, 11, 12),
(54, 70, 11, 12),
(55, 14, 11, 12),
(56, 94, 11, 12),
(57, 86, 11, 12),
(58, 21, 11, 12),
(59, 108, 11, 12),
(60, 35, 11, 12),
(61, 84, 11, 12),
(62, 313, 12, 14),
(63, 368, 12, 14),
(64, 394, 12, 14),
(65, 393, 12, 14),
(66, 320, 12, 14),
(67, 397, 12, 14),
(68, 346, 12, 14),
(69, 402, 12, 14),
(70, 352, 12, 14),
(71, 387, 12, 14),
(72, 556, 13, 15),
(73, 518, 13, 15),
(74, 576, 13, 15),
(75, 519, 13, 15),
(76, 522, 13, 15),
(77, 596, 13, 15),
(78, 578, 13, 15),
(79, 543, 13, 15),
(80, 539, 13, 15),
(81, 552, 13, 15),
(82, 311, 14, 15),
(83, 362, 14, 15),
(84, 322, 14, 15),
(85, 331, 14, 15),
(86, 327, 14, 15),
(87, 390, 14, 15),
(88, 361, 14, 15),
(89, 405, 14, 15),
(90, 397, 14, 15),
(91, 339, 14, 15),
(92, 99, 15, 15),
(93, 54, 15, 15),
(94, 63, 15, 15),
(95, 19, 15, 15),
(96, 26, 15, 15),
(97, 44, 15, 15),
(98, 36, 15, 15),
(99, 46, 15, 15),
(100, 85, 15, 15),
(101, 10, 15, 15),
(102, 113, 16, 15),
(103, 152, 16, 15),
(104, 180, 16, 15),
(105, 146, 16, 15),
(106, 137, 16, 15),
(107, 143, 16, 15),
(108, 149, 16, 15),
(109, 191, 16, 15),
(110, 125, 16, 15),
(111, 122, 16, 15),
(112, 172, 17, 19),
(113, 131, 17, 19),
(114, 201, 17, 19),
(115, 137, 17, 19),
(116, 196, 17, 19),
(117, 128, 17, 19),
(118, 132, 17, 19),
(119, 179, 17, 19),
(120, 143, 17, 19),
(121, 148, 17, 19),
(122, 106, 18, 19),
(123, 31, 18, 19),
(124, 78, 18, 19),
(125, 48, 18, 19),
(126, 86, 18, 19),
(127, 34, 18, 19),
(128, 65, 18, 19),
(129, 64, 18, 19),
(130, 44, 18, 19),
(131, 85, 18, 19),
(132, 20, 19, 18),
(133, 64, 19, 18),
(134, 92, 19, 18),
(135, 109, 19, 18),
(136, 69, 19, 18),
(137, 28, 19, 18),
(138, 99, 19, 18),
(139, 24, 19, 18),
(140, 66, 19, 18),
(141, 25, 19, 18),
(142, 188, 20, 18),
(143, 181, 20, 18),
(144, 185, 20, 18),
(145, 190, 20, 18),
(146, 123, 20, 18),
(147, 153, 20, 18),
(148, 202, 20, 18),
(149, 112, 20, 18),
(150, 206, 20, 18),
(151, 208, 20, 18),
(152, 576, 21, 18),
(153, 603, 21, 18),
(154, 533, 21, 18),
(155, 596, 21, 18),
(156, 553, 21, 18),
(157, 516, 21, 18),
(158, 563, 21, 18),
(159, 585, 21, 18),
(160, 578, 21, 18),
(161, 572, 21, 18),
(162, 374, 22, 22),
(163, 310, 22, 22),
(164, 350, 22, 22),
(165, 392, 22, 22),
(166, 344, 22, 22),
(167, 335, 22, 22),
(168, 342, 22, 22),
(169, 378, 22, 22),
(170, 353, 22, 22),
(171, 317, 22, 22),
(172, 607, 24, 23),
(173, 595, 24, 23),
(174, 587, 24, 23),
(175, 565, 24, 23),
(176, 542, 24, 23),
(177, 571, 24, 23),
(178, 557, 24, 23),
(179, 553, 24, 23),
(180, 548, 24, 23),
(181, 532, 24, 23),
(182, 101, 25, 23),
(183, 74, 25, 23),
(184, 58, 25, 23),
(185, 23, 25, 23),
(186, 81, 25, 23),
(187, 64, 25, 23),
(188, 42, 25, 23),
(189, 80, 25, 23),
(190, 20, 25, 23),
(191, 24, 25, 23),
(192, 542, 26, 24),
(193, 525, 26, 24),
(194, 583, 26, 24),
(195, 572, 26, 24),
(196, 597, 26, 24),
(197, 557, 26, 24),
(198, 510, 26, 24),
(199, 602, 26, 24),
(200, 518, 26, 24),
(201, 533, 26, 24),
(202, 191, 27, 24),
(203, 151, 27, 24),
(204, 190, 27, 24),
(205, 122, 27, 24),
(206, 160, 27, 24),
(207, 128, 27, 24),
(208, 206, 27, 24),
(209, 130, 27, 24),
(210, 123, 27, 24),
(211, 171, 27, 24),
(212, 366, 28, 24),
(213, 310, 28, 24),
(214, 391, 28, 24),
(215, 368, 28, 24),
(216, 379, 28, 24),
(217, 390, 28, 24),
(218, 399, 28, 24),
(219, 326, 28, 24),
(220, 609, 28, 24),
(221, 382, 28, 24);

-- --------------------------------------------------------

--
-- Estrutura para tabela `pontuacao`
--

CREATE TABLE `pontuacao` (
  `id_pontuacao` int(5) NOT NULL,
  `id_usuario` int(5) NOT NULL,
  `pontos` float NOT NULL DEFAULT 0,
  `id_quiz` int(11) NOT NULL,
  `id_resposta` int(11) NOT NULL
) ENGINE=InnoDB DEFAULT CHARSET=utf8 COLLATE=utf8_bin;

--
-- Despejando dados para a tabela `pontuacao`
--

INSERT INTO `pontuacao` (`id_pontuacao`, `id_usuario`, `pontos`, `id_quiz`, `id_resposta`) VALUES
(11, 3, 0.5, 1, 122),
(13, 3, 0.5, 1, 125),
(14, 3, 0.5, 2, 125),
(15, 6, 2, 1, 125),
(16, 3, 0.5, 1, 132),
(17, 3, 0.5, 1, 135),
(23, 3, 0.5, 3, 220),
(24, 7, 0.5, 3, 220),
(25, 7, 0.5, 1, 125),
(26, 7, 0.5, 1, 132),
(27, 7, 0.5, 1, 140),
(28, 7, 0.5, 1, 169),
(29, 7, 0.5, 1, 220),
(30, 7, 0.5, 3, 166),
(31, 7, 0.5, 3, 140),
(32, 7, 0.5, 3, 160),
(33, 7, 0.5, 3, 122),
(34, 7, 0.5, 3, 141),
(35, 7, 0.5, 3, 135),
(36, 3, 0.5, 3, 125),
(37, 3, 0.5, 3, 179),
(38, 3, 0.5, 3, 141),
(39, 3, 0.5, 3, 132),
(40, 3, 0.5, 3, 160),
(41, 3, 0.5, 3, 175),
(42, 3, 0.5, 3, 135),
(43, 3, 0.5, 3, 550),
(44, 3, 0.5, 3, 162),
(45, 3, 0.5, 3, 1203),
(46, 3, 0.5, 3, 2313),
(47, 3, 0.5, 3, 189),
(48, 3, 0.5, 3, 838),
(49, 3, 0.5, 3, 1109),
(50, 3, 0.5, 3, 2370),
(51, 3, 0.5, 3, 328),
(52, 3, 0.5, 3, 264),
(53, 3, 0.5, 3, 2120),
(54, 3, 0.5, 3, 537),
(55, 3, 0.5, 3, 1895),
(56, 3, 0.5, 3, 970),
(57, 3, 0.5, 3, 1863),
(58, 3, 0.5, 3, 2236),
(59, 3, 0.5, 3, 414),
(60, 3, 0.5, 3, 676),
(61, 3, 0.5, 3, 1227),
(62, 3, 0.5, 3, 2524),
(63, 3, 0.5, 3, 1028),
(64, 3, 0.5, 3, 578),
(65, 3, 0.5, 3, 2402),
(66, 3, 0.5, 3, 1224),
(67, 7, 0.5, 3, 959),
(68, 7, 0.5, 3, 2071),
(69, 7, 0.5, 3, 1123),
(70, 7, 0.5, 3, 2249),
(71, 7, 0.5, 3, 590),
(72, 7, 0.5, 3, 1767),
(73, 7, 0.5, 3, 151),
(74, 7, 0.5, 3, 986),
(75, 7, 0.5, 3, 964),
(76, 7, 0.5, 3, 1192),
(77, 7, 0.5, 3, 980),
(78, 7, 0.5, 3, 2366),
(79, 7, 0.5, 3, 1145),
(80, 3, 0.5, 3, 1139),
(81, 3, 0.5, 3, 2549),
(82, 3, 0.5, 3, 2488),
(83, 3, 0.5, 3, 2126),
(84, 3, 0.5, 4, 2555),
(85, 3, 0.5, 4, 2183),
(86, 3, 0.5, 4, 2491),
(87, 3, 0.5, 4, 2261),
(88, 3, 0.5, 4, 2407),
(89, 3, 0.5, 3, 616),
(90, 3, 0.5, 3, 424),
(91, 3, 0.5, 3, 283),
(92, 3, 0.5, 3, 1616),
(93, 3, 0.5, 4, 2206),
(94, 3, 0.5, 4, 2271),
(95, 3, 0.5, 12, 1553),
(96, 7, 0.5, 12, 1658),
(97, 3, 0.5, 12, 1361),
(98, 3, 0.5, 3, 1622),
(99, 3, 0.5, 3, 2364),
(100, 3, 0.5, 3, 1077),
(101, 3, 0.5, 3, 1993),
(102, 10, 0.5, 13, 2428),
(103, 10, 0.5, 13, 2197),
(104, 9, 0.5, 13, 2505),
(105, 10, 0.5, 13, 2505),
(106, 10, 0.5, 13, 2433),
(107, 9, 0.5, 13, 2295),
(108, 10, 0.5, 13, 2295),
(109, 10, 0.5, 13, 2280),
(110, 9, 0.5, 13, 2329),
(111, 10, 0.5, 14, 1532),
(112, 10, 0.5, 14, 1370),
(113, 10, 0.5, 14, 1390),
(114, 10, 0.5, 14, 1527),
(115, 9, 0.5, 14, 1701),
(116, 3, 0.5, 14, 1669),
(117, 9, 0.5, 14, 1669),
(118, 9, 0.5, 14, 1437),
(119, 10, 0.5, 14, 1437),
(120, 9, 0.5, 15, 298),
(121, 10, 0.5, 15, 298),
(122, 10, 0.5, 15, 334),
(123, 9, 0.5, 15, 160),
(124, 10, 0.5, 15, 160),
(125, 9, 0.5, 15, 185),
(126, 10, 0.5, 15, 260),
(127, 10, 0.5, 15, 227),
(128, 10, 0.5, 15, 266),
(129, 10, 0.5, 15, 424),
(130, 10, 0.5, 13, 2196),
(131, 9, 0.5, 13, 2197),
(132, 11, 0.5, 16, 690),
(133, 10, 0.5, 16, 690),
(134, 10, 0.5, 16, 802),
(135, 10, 0.5, 16, 667),
(136, 11, 0.5, 16, 632),
(137, 10, 0.5, 16, 848),
(138, 32, 0.5, 17, 486),
(139, 40, 0.5, 17, 486),
(140, 31, 0.5, 17, 486),
(141, 28, 0.5, 17, 486),
(142, 33, 0.5, 17, 486),
(143, 30, 0.5, 17, 486),
(144, 45, 0.5, 17, 486),
(145, 43, 0.5, 17, 486),
(146, 38, 0.5, 17, 486),
(147, 34, 0.5, 17, 486),
(148, 44, 0.5, 17, 486),
(149, 32, 0.5, 17, 767),
(150, 30, 0.5, 17, 767),
(151, 25, 0.5, 17, 767),
(152, 26, 0.5, 17, 767),
(153, 31, 0.5, 17, 767),
(154, 33, 0.5, 17, 767),
(155, 39, 0.5, 17, 767),
(156, 45, 0.5, 17, 767),
(157, 44, 0.5, 17, 767),
(158, 34, 0.5, 17, 767),
(159, 29, 0.5, 17, 767),
(160, 40, 0.5, 17, 767),
(161, 28, 0.5, 17, 512),
(162, 33, 0.5, 17, 512),
(163, 36, 0.5, 17, 512),
(164, 43, 0.5, 17, 512),
(165, 42, 0.5, 17, 512),
(166, 38, 0.5, 17, 512),
(167, 44, 0.5, 17, 512),
(168, 24, 0.5, 17, 512),
(169, 37, 0.5, 17, 512),
(170, 25, 0.5, 17, 746),
(171, 36, 0.5, 17, 746),
(172, 43, 0.5, 17, 746),
(173, 28, 0.5, 17, 746),
(174, 42, 0.5, 17, 746),
(175, 31, 0.5, 17, 746),
(176, 33, 0.5, 17, 746),
(177, 26, 0.5, 17, 746),
(178, 44, 0.5, 17, 746),
(179, 39, 0.5, 17, 746),
(180, 38, 0.5, 17, 746),
(181, 37, 0.5, 17, 746),
(182, 24, 0.5, 17, 476),
(183, 43, 0.5, 17, 476),
(184, 39, 0.5, 17, 476),
(185, 28, 0.5, 17, 476),
(186, 32, 0.5, 17, 476),
(187, 44, 0.5, 17, 476),
(188, 45, 0.5, 17, 476),
(189, 30, 0.5, 17, 476),
(190, 36, 0.5, 17, 491),
(191, 25, 0.5, 17, 491),
(192, 33, 0.5, 17, 491),
(193, 26, 0.5, 17, 491),
(194, 28, 0.5, 17, 491),
(195, 32, 0.5, 17, 491),
(196, 31, 0.5, 17, 491),
(197, 24, 0.5, 17, 491),
(198, 29, 0.5, 17, 491),
(199, 44, 0.5, 17, 491),
(200, 38, 0.5, 17, 491),
(201, 39, 0.5, 17, 491),
(202, 45, 0.5, 17, 491),
(203, 37, 0.5, 17, 491),
(204, 30, 0.5, 17, 491),
(205, 43, 0.5, 17, 680),
(206, 24, 0.5, 17, 680),
(207, 33, 0.5, 17, 680),
(208, 32, 0.5, 17, 680),
(209, 30, 0.5, 17, 680),
(210, 45, 0.5, 17, 680),
(211, 44, 0.5, 17, 680),
(212, 38, 0.5, 17, 680),
(213, 26, 0.5, 17, 680),
(214, 39, 0.5, 17, 680),
(215, 29, 0.5, 17, 680),
(216, 37, 0.5, 17, 680),
(217, 43, 0.5, 17, 534),
(218, 24, 0.5, 17, 534),
(219, 32, 0.5, 17, 534),
(220, 29, 0.5, 17, 534),
(221, 45, 0.5, 17, 534),
(222, 44, 0.5, 17, 534),
(223, 30, 0.5, 17, 534),
(224, 40, 0.5, 17, 534),
(225, 43, 0.5, 17, 556),
(226, 36, 0.5, 17, 556),
(227, 25, 0.5, 17, 556),
(228, 24, 0.5, 17, 556),
(229, 33, 0.5, 17, 556),
(230, 42, 0.5, 17, 556),
(231, 32, 0.5, 17, 556),
(232, 40, 0.5, 17, 556),
(233, 29, 0.5, 17, 556),
(234, 28, 0.5, 17, 556),
(235, 39, 0.5, 17, 556),
(236, 45, 0.5, 17, 556),
(237, 38, 0.5, 17, 556),
(238, 44, 0.5, 17, 556),
(239, 43, 0.5, 18, 85),
(240, 36, 0.5, 18, 85),
(241, 24, 0.5, 18, 85),
(242, 45, 0.5, 18, 85),
(243, 29, 0.5, 18, 85),
(244, 31, 0.5, 18, 85),
(245, 37, 0.5, 18, 85),
(246, 30, 0.5, 18, 85),
(247, 25, 0.5, 18, 85),
(248, 24, 0.5, 18, 276),
(249, 43, 0.5, 18, 276),
(250, 36, 0.5, 18, 276),
(251, 46, 0.5, 18, 276),
(252, 30, 0.5, 18, 276),
(253, 25, 0.5, 18, 276),
(254, 33, 0.5, 18, 276),
(255, 29, 0.5, 18, 276),
(256, 49, 0.5, 18, 276),
(257, 32, 0.5, 18, 276),
(258, 44, 0.5, 18, 276),
(259, 36, 0.5, 18, 155),
(260, 25, 0.5, 18, 155),
(261, 39, 0.5, 18, 155),
(262, 46, 0.5, 18, 155),
(263, 32, 0.5, 18, 155),
(264, 31, 0.5, 18, 155),
(265, 37, 0.5, 18, 155),
(266, 49, 0.5, 18, 155),
(267, 29, 0.5, 18, 155),
(268, 30, 0.5, 18, 305),
(269, 43, 0.5, 18, 305),
(270, 36, 0.5, 18, 305),
(271, 25, 0.5, 18, 305),
(272, 37, 0.5, 18, 305),
(273, 46, 0.5, 18, 305),
(274, 29, 0.5, 18, 305),
(275, 49, 0.5, 18, 305),
(276, 33, 0.5, 18, 305),
(277, 31, 0.5, 18, 305),
(278, 28, 0.5, 18, 305),
(279, 39, 0.5, 18, 305),
(280, 36, 0.5, 18, 100),
(281, 25, 0.5, 18, 100),
(282, 31, 0.5, 18, 100),
(283, 46, 0.5, 18, 100),
(284, 38, 0.5, 18, 100),
(285, 45, 0.5, 18, 100),
(286, 30, 0.5, 18, 100),
(287, 29, 0.5, 18, 100),
(288, 49, 0.5, 18, 100),
(289, 24, 0.5, 18, 100),
(290, 34, 0.5, 18, 100),
(291, 37, 0.5, 18, 100),
(292, 25, 0.5, 18, 222),
(293, 43, 0.5, 18, 222),
(294, 31, 0.5, 18, 222),
(295, 29, 0.5, 18, 222),
(296, 36, 0.5, 18, 222),
(297, 32, 0.5, 18, 222),
(298, 33, 0.5, 18, 222),
(299, 45, 0.5, 18, 222),
(300, 28, 0.5, 18, 222),
(301, 49, 0.5, 18, 222),
(302, 37, 0.5, 18, 222),
(303, 43, 0.5, 18, 218),
(304, 36, 0.5, 18, 218),
(305, 25, 0.5, 18, 218),
(306, 24, 0.5, 18, 218),
(307, 26, 0.5, 18, 218),
(308, 46, 0.5, 18, 218),
(309, 29, 0.5, 18, 218),
(310, 28, 0.5, 18, 218),
(311, 32, 0.5, 18, 218),
(312, 49, 0.5, 18, 218),
(313, 44, 0.5, 18, 218),
(314, 36, 0.5, 18, 140),
(315, 30, 0.5, 18, 140),
(316, 25, 0.5, 18, 140),
(317, 26, 0.5, 18, 140),
(318, 24, 0.5, 18, 140),
(319, 46, 0.5, 18, 140),
(320, 33, 0.5, 18, 140),
(321, 37, 0.5, 18, 140),
(322, 45, 0.5, 18, 140),
(323, 28, 0.5, 18, 140),
(324, 32, 0.5, 18, 140),
(325, 49, 0.5, 18, 140),
(326, 43, 0.5, 18, 304),
(327, 36, 0.5, 18, 304),
(328, 25, 0.5, 18, 304),
(329, 24, 0.5, 18, 304),
(330, 33, 0.5, 18, 304),
(331, 32, 0.5, 18, 304),
(332, 44, 0.5, 18, 304),
(333, 28, 0.5, 18, 304),
(334, 49, 0.5, 18, 304),
(335, 34, 0.5, 18, 304),
(336, 46, 0.5, 18, 304),
(337, 30, 0.5, 18, 304),
(338, 66, 0.5, 19, 218),
(339, 56, 0.5, 19, 218),
(340, 63, 0.5, 19, 218),
(341, 64, 0.5, 19, 218),
(342, 67, 0.5, 19, 218),
(343, 68, 0.5, 19, 218),
(344, 51, 0.5, 19, 218),
(345, 60, 0.5, 19, 218),
(346, 54, 0.5, 19, 218),
(347, 57, 0.5, 19, 218),
(348, 58, 0.5, 19, 400),
(349, 61, 0.5, 19, 400),
(350, 51, 0.5, 19, 400),
(351, 55, 0.5, 19, 400),
(352, 60, 0.5, 19, 400),
(353, 56, 0.5, 19, 400),
(354, 68, 0.5, 19, 400),
(355, 54, 0.5, 19, 400),
(356, 67, 0.5, 19, 400),
(357, 66, 0.5, 19, 400),
(358, 64, 0.5, 19, 400),
(359, 65, 0.5, 19, 400),
(360, 58, 0.5, 19, 240),
(361, 55, 0.5, 19, 240),
(362, 59, 0.5, 19, 240),
(363, 57, 0.5, 19, 240),
(364, 51, 0.5, 19, 240),
(365, 53, 0.5, 19, 240),
(366, 52, 0.5, 19, 240),
(367, 61, 0.5, 19, 240),
(368, 66, 0.5, 19, 240),
(369, 56, 0.5, 19, 240),
(370, 68, 0.5, 19, 240),
(371, 60, 0.5, 19, 240),
(372, 64, 0.5, 19, 240),
(373, 67, 0.5, 19, 240),
(374, 54, 0.5, 19, 240),
(375, 65, 0.5, 19, 240),
(376, 50, 0.5, 19, 240),
(377, 68, 0.5, 19, 75),
(378, 65, 0.5, 19, 75),
(379, 52, 0.5, 19, 75),
(380, 60, 0.5, 19, 75),
(381, 50, 0.5, 19, 75),
(382, 66, 0.5, 19, 75),
(383, 54, 0.5, 19, 75),
(384, 57, 0.5, 19, 75),
(385, 59, 0.5, 19, 75),
(386, 67, 0.5, 19, 75),
(387, 58, 0.5, 19, 75),
(388, 51, 0.5, 19, 75),
(389, 53, 0.5, 19, 75),
(390, 64, 0.5, 19, 75),
(391, 56, 0.5, 19, 75),
(392, 61, 0.5, 19, 75),
(393, 59, 0.5, 19, 359),
(394, 51, 0.5, 19, 359),
(395, 60, 0.5, 19, 359),
(396, 55, 0.5, 19, 359),
(397, 53, 0.5, 19, 359),
(398, 50, 0.5, 19, 359),
(399, 52, 0.5, 19, 359),
(400, 57, 0.5, 19, 359),
(401, 54, 0.5, 19, 359),
(402, 64, 0.5, 19, 359),
(403, 65, 0.5, 19, 359),
(404, 56, 0.5, 19, 359),
(405, 58, 0.5, 19, 359),
(406, 61, 0.5, 19, 359),
(407, 67, 0.5, 19, 359),
(408, 63, 0.5, 19, 359),
(409, 63, 0.5, 19, 59),
(410, 55, 0.5, 19, 59),
(411, 66, 0.5, 19, 59),
(412, 59, 0.5, 19, 59),
(413, 52, 0.5, 19, 59),
(414, 51, 0.5, 19, 59),
(415, 54, 0.5, 19, 59),
(416, 68, 0.5, 19, 59),
(417, 50, 0.5, 19, 59),
(418, 65, 0.5, 19, 59),
(419, 57, 0.5, 19, 59),
(420, 63, 0.5, 19, 227),
(421, 55, 0.5, 19, 227),
(422, 59, 0.5, 19, 227),
(423, 50, 0.5, 19, 227),
(424, 58, 0.5, 19, 227),
(425, 57, 0.5, 19, 227),
(426, 60, 0.5, 19, 227),
(427, 66, 0.5, 19, 227),
(428, 53, 0.5, 19, 227),
(429, 61, 0.5, 19, 227),
(430, 52, 0.5, 19, 227),
(431, 56, 0.5, 19, 227),
(432, 54, 0.5, 19, 227),
(433, 67, 0.5, 19, 227),
(434, 51, 0.5, 19, 64),
(435, 59, 0.5, 19, 64),
(436, 58, 0.5, 19, 64),
(437, 61, 0.5, 19, 64),
(438, 60, 0.5, 19, 64),
(439, 54, 0.5, 19, 64),
(440, 50, 0.5, 19, 64),
(441, 67, 0.5, 19, 64),
(442, 68, 0.5, 19, 64),
(443, 52, 0.5, 19, 64),
(444, 57, 0.5, 19, 64),
(445, 66, 0.5, 19, 64),
(446, 65, 0.5, 19, 64),
(447, 59, 0.5, 20, 687),
(448, 57, 0.5, 20, 687),
(449, 61, 0.5, 20, 687),
(450, 52, 0.5, 20, 721),
(451, 51, 0.5, 20, 721),
(452, 69, 0.5, 20, 721),
(453, 59, 0.5, 20, 721),
(454, 63, 0.5, 20, 721),
(455, 66, 0.5, 20, 721),
(456, 58, 0.5, 20, 721),
(457, 65, 0.5, 20, 721),
(458, 55, 0.5, 20, 721),
(459, 56, 0.5, 20, 721),
(460, 68, 0.5, 20, 721),
(461, 54, 0.5, 20, 721),
(462, 67, 0.5, 20, 721),
(463, 53, 0.5, 20, 721),
(464, 61, 0.5, 20, 721),
(465, 57, 0.5, 20, 721),
(466, 64, 0.5, 20, 723),
(467, 50, 0.5, 20, 721),
(468, 64, 0.5, 20, 721),
(469, 52, 0.5, 20, 454),
(470, 51, 0.5, 20, 454),
(471, 66, 0.5, 20, 454),
(472, 55, 0.5, 20, 454),
(473, 58, 0.5, 20, 454),
(474, 59, 0.5, 20, 454),
(475, 56, 0.5, 20, 454),
(476, 50, 0.5, 20, 454),
(477, 60, 0.5, 20, 454),
(478, 61, 0.5, 20, 454),
(479, 67, 0.5, 20, 454),
(480, 57, 0.5, 20, 454),
(481, 53, 0.5, 20, 454),
(482, 68, 0.5, 20, 454),
(483, 54, 0.5, 20, 454),
(484, 55, 0.5, 20, 576),
(485, 68, 0.5, 20, 576),
(486, 63, 0.5, 20, 576),
(487, 69, 0.5, 20, 576),
(488, 60, 0.5, 20, 576),
(489, 50, 0.5, 20, 576),
(490, 51, 0.5, 20, 576),
(491, 61, 0.5, 20, 576),
(492, 54, 0.5, 20, 576),
(493, 67, 0.5, 20, 576),
(494, 53, 0.5, 20, 576),
(495, 57, 0.5, 20, 576),
(496, 66, 0.5, 20, 576),
(497, 65, 0.5, 20, 576),
(498, 68, 0.5, 20, 772),
(499, 55, 0.5, 20, 772),
(500, 66, 0.5, 20, 772),
(501, 51, 0.5, 20, 772),
(502, 60, 0.5, 20, 772),
(503, 59, 0.5, 20, 772),
(504, 54, 0.5, 20, 772),
(505, 50, 0.5, 20, 772),
(506, 64, 3.5, 20, 772),
(507, 67, 0.5, 20, 772),
(508, 57, 0.5, 20, 772),
(509, 65, 0.5, 20, 772),
(510, 53, 0.5, 20, 772),
(511, 52, 0.5, 20, 409),
(512, 51, 0.5, 20, 409),
(513, 66, 0.5, 20, 409),
(514, 55, 0.5, 20, 409),
(515, 50, 0.5, 20, 409),
(516, 54, 0.5, 20, 409),
(517, 68, 0.5, 20, 409),
(518, 64, 0.5, 20, 409),
(519, 53, 0.5, 20, 409),
(520, 57, 0.5, 20, 409),
(521, 56, 0.5, 20, 785),
(522, 60, 0.5, 20, 785),
(523, 55, 0.5, 20, 785),
(524, 59, 0.5, 20, 785),
(525, 65, 0.5, 20, 785),
(526, 57, 0.5, 20, 785),
(527, 58, 0.5, 20, 785),
(528, 51, 0.5, 20, 785),
(529, 53, 0.5, 20, 785),
(530, 63, 0.5, 20, 785),
(531, 61, 0.5, 20, 785),
(532, 68, 0.5, 20, 785),
(533, 69, 0.5, 20, 785),
(534, 54, 0.5, 20, 785),
(535, 66, 0.5, 20, 785),
(536, 64, 0.5, 20, 785),
(537, 50, 0.5, 20, 785),
(538, 67, 0.5, 20, 796),
(539, 55, 0.5, 20, 796),
(540, 54, 0.5, 20, 796),
(541, 51, 0.5, 20, 796),
(542, 65, 0.5, 20, 796),
(543, 56, 0.5, 20, 796),
(544, 61, 0.5, 20, 796),
(545, 53, 0.5, 20, 796),
(546, 57, 0.5, 20, 796),
(547, 50, 0.5, 20, 796),
(548, 68, 0.5, 20, 796),
(549, 64, 0.5, 20, 796),
(557, 3, 0.5, 1, 1538),
(558, 3, 0.5, 1, 1480),
(559, 3, 0.5, 1, 1348),
(560, 3, 0.5, 1, 1418),
(561, 3, 0.5, 1, 1391),
(562, 3, 0.5, 4, 2331),
(563, 3, 0.5, 4, 1959),
(564, 82, 0.5, 24, 2157),
(565, 86, 0.5, 24, 2065),
(566, 82, 0.5, 24, 2065),
(567, 79, 0.5, 24, 2065),
(568, 79, 0.5, 24, 2127),
(569, 80, 0.5, 24, 2127),
(570, 86, 0.5, 24, 2127),
(571, 82, 0.5, 24, 2127),
(572, 84, 0.5, 24, 2110),
(573, 79, 0.5, 24, 2110),
(574, 82, 0.5, 24, 2110),
(575, 86, 0.5, 24, 2089),
(576, 79, 0.5, 24, 2089),
(577, 84, 0.5, 24, 2089),
(578, 82, 0.5, 24, 2089),
(579, 80, 0.5, 24, 2089),
(580, 82, 0.5, 24, 2025),
(581, 79, 0.5, 24, 2025),
(582, 10, 0.5, 1, 1418),
(583, 84, 0.5, 25, 365),
(584, 82, 0.5, 25, 365),
(585, 86, 0.5, 25, 365),
(586, 79, 0.5, 25, 257),
(587, 82, 0.5, 25, 257),
(588, 86, 0.5, 25, 257),
(589, 87, 0.5, 25, 257),
(590, 80, 0.5, 25, 194),
(591, 79, 0.5, 25, 194),
(592, 84, 0.5, 25, 194),
(593, 86, 0.5, 25, 194),
(594, 87, 0.5, 25, 194),
(595, 82, 0.5, 25, 194),
(596, 84, 0.5, 25, 55),
(597, 82, 0.5, 25, 55),
(598, 86, 0.5, 25, 55),
(599, 79, 0.5, 25, 286),
(600, 80, 0.5, 25, 286),
(601, 82, 0.5, 25, 286),
(602, 79, 0.5, 25, 218),
(603, 82, 0.5, 25, 218),
(604, 84, 0.5, 25, 129),
(605, 79, 0.5, 25, 129),
(606, 82, 0.5, 25, 129),
(607, 80, 0.5, 25, 129),
(608, 86, 0.5, 25, 129),
(609, 87, 0.5, 25, 129),
(610, 82, 0.5, 25, 281),
(611, 86, 0.5, 25, 281),
(612, 79, 0.5, 25, 281),
(613, 80, 0.5, 25, 281),
(614, 86, 0.5, 25, 59),
(615, 87, 0.5, 25, 59),
(616, 80, 0.5, 25, 59),
(617, 82, 0.5, 25, 59),
(618, 79, 0.5, 25, 59),
(619, 84, 0.5, 25, 59),
(620, 101, 0.5, 26, 2065),
(621, 95, 0.5, 26, 2065),
(622, 88, 0.5, 26, 2065),
(623, 94, 0.5, 26, 2065),
(624, 100, 0.5, 26, 2065),
(625, 102, 0.5, 26, 2065),
(626, 93, 0.5, 26, 2065),
(627, 96, 0.5, 26, 2065),
(628, 103, 0.5, 26, 2065),
(629, 99, 0.5, 26, 2065),
(630, 90, 0.5, 26, 2065),
(631, 89, 0.5, 26, 2065),
(632, 99, 0.5, 26, 1997),
(633, 93, 0.5, 26, 1997),
(634, 97, 0.5, 26, 1997),
(635, 96, 0.5, 26, 1997),
(636, 89, 0.5, 26, 1997),
(637, 91, 0.5, 26, 1997),
(638, 94, 0.5, 26, 1997),
(639, 100, 0.5, 26, 1997),
(640, 90, 0.5, 26, 1997),
(641, 103, 0.5, 26, 1997),
(642, 88, 0.5, 26, 1997),
(643, 92, 0.5, 26, 1997),
(644, 102, 0.5, 26, 1997),
(645, 96, 0.5, 26, 2230),
(646, 95, 0.5, 26, 2230),
(647, 94, 0.5, 26, 2230),
(648, 100, 0.5, 26, 2230),
(649, 93, 0.5, 26, 2230),
(650, 91, 0.5, 26, 2230),
(651, 92, 0.5, 26, 2230),
(652, 90, 0.5, 26, 2230),
(653, 89, 0.5, 26, 2230),
(654, 88, 0.5, 26, 2230),
(655, 103, 0.5, 26, 2230),
(656, 102, 0.5, 26, 2230),
(657, 103, 0.5, 26, 2188),
(658, 90, 0.5, 26, 2188),
(659, 94, 0.5, 26, 2188),
(660, 93, 0.5, 26, 2188),
(661, 89, 0.5, 26, 2188),
(662, 99, 0.5, 26, 2188),
(663, 91, 0.5, 26, 2188),
(664, 100, 0.5, 26, 2188),
(665, 102, 0.5, 26, 2188),
(666, 92, 0.5, 26, 2188),
(667, 88, 0.5, 26, 2285),
(668, 91, 0.5, 26, 2285),
(669, 102, 0.5, 26, 2285),
(670, 93, 0.5, 26, 2285),
(671, 89, 0.5, 26, 2285),
(672, 97, 0.5, 26, 2285),
(673, 100, 0.5, 26, 2285),
(674, 103, 0.5, 26, 2285),
(675, 90, 0.5, 26, 2285),
(676, 96, 0.5, 26, 2285),
(677, 90, 0.5, 26, 2127),
(678, 102, 0.5, 26, 2127),
(679, 100, 0.5, 26, 2127),
(680, 91, 0.5, 26, 2127),
(681, 94, 0.5, 26, 2127),
(682, 93, 0.5, 26, 2127),
(683, 99, 0.5, 26, 2127),
(684, 101, 0.5, 26, 2127),
(685, 97, 0.5, 26, 2127),
(686, 103, 0.5, 26, 2127),
(687, 92, 0.5, 26, 2127),
(688, 88, 0.5, 26, 2127),
(689, 89, 0.5, 26, 2127),
(690, 93, 0.5, 26, 1939),
(691, 96, 0.5, 26, 1939),
(692, 99, 0.5, 26, 1939),
(693, 95, 0.5, 26, 1939),
(694, 94, 0.5, 26, 1939),
(695, 101, 0.5, 26, 1939),
(696, 89, 0.5, 26, 1939),
(697, 88, 0.5, 26, 1939),
(698, 91, 0.5, 26, 1939),
(699, 103, 0.5, 26, 1939),
(700, 92, 0.5, 26, 1939),
(701, 90, 0.5, 26, 1939),
(702, 102, 0.5, 26, 1939),
(703, 97, 0.5, 26, 1939),
(704, 100, 0.5, 26, 1939),
(705, 95, 0.5, 26, 2308),
(706, 94, 0.5, 26, 2308),
(707, 101, 0.5, 26, 2308),
(708, 102, 0.5, 26, 2308),
(709, 100, 0.5, 26, 2308),
(710, 97, 0.5, 26, 2308),
(711, 99, 0.5, 26, 2308),
(712, 103, 0.5, 26, 2308),
(713, 89, 0.5, 26, 2308),
(714, 91, 0.5, 26, 2308),
(715, 93, 0.5, 26, 2308),
(716, 90, 0.5, 26, 2308),
(717, 88, 0.5, 26, 1972),
(718, 92, 0.5, 26, 1972),
(719, 89, 0.5, 26, 1972),
(720, 94, 0.5, 26, 1972),
(721, 103, 0.5, 26, 1972),
(722, 95, 0.5, 26, 1972),
(723, 97, 0.5, 26, 1972),
(724, 99, 0.5, 26, 1972),
(725, 93, 0.5, 26, 1972),
(726, 90, 0.5, 26, 1972),
(727, 100, 0.5, 26, 1972),
(728, 102, 0.5, 26, 1972),
(729, 94, 0.5, 26, 2031),
(730, 93, 0.5, 26, 2031),
(731, 97, 0.5, 26, 2031),
(732, 99, 0.5, 26, 2031),
(733, 101, 0.5, 26, 2031),
(734, 91, 0.5, 26, 2031),
(735, 102, 0.5, 26, 2031),
(736, 89, 0.5, 26, 2031),
(737, 100, 0.5, 26, 2031),
(738, 103, 0.5, 26, 2031),
(739, 90, 0.5, 26, 2031),
(740, 92, 0.5, 27, 728),
(741, 101, 0.5, 27, 728),
(742, 88, 0.5, 27, 728),
(743, 89, 0.5, 27, 728),
(744, 103, 0.5, 27, 728),
(745, 90, 0.5, 27, 728),
(746, 99, 0.5, 27, 728),
(747, 94, 0.5, 27, 728),
(748, 88, 0.5, 27, 566),
(749, 101, 0.5, 27, 566),
(750, 89, 0.5, 27, 566),
(751, 94, 0.5, 27, 566),
(752, 92, 0.5, 27, 566),
(753, 96, 0.5, 27, 566),
(754, 103, 0.5, 27, 566),
(755, 90, 0.5, 27, 566),
(756, 101, 0.5, 27, 721),
(757, 99, 0.5, 27, 721),
(758, 88, 0.5, 27, 721),
(759, 94, 0.5, 27, 721),
(760, 95, 0.5, 27, 721),
(761, 89, 0.5, 27, 721),
(762, 103, 0.5, 27, 721),
(763, 92, 0.5, 27, 721),
(764, 90, 0.5, 27, 721),
(765, 97, 0.5, 28, 1427),
(766, 94, 0.5, 28, 1427),
(767, 100, 0.5, 28, 1427),
(768, 91, 0.5, 28, 1427),
(769, 93, 0.5, 28, 1427),
(770, 102, 0.5, 28, 1427),
(771, 99, 0.5, 28, 1427),
(772, 92, 0.5, 28, 1427),
(773, 101, 0.5, 28, 1427),
(774, 90, 0.5, 28, 1427),
(775, 89, 0.5, 28, 1427),
(776, 90, 0.5, 28, 1203),
(777, 103, 0.5, 28, 1203),
(778, 102, 0.5, 28, 1203),
(779, 94, 0.5, 28, 1203),
(780, 93, 0.5, 28, 1203),
(781, 88, 0.5, 28, 1203),
(782, 92, 0.5, 28, 1203),
(783, 101, 0.5, 28, 1203),
(784, 97, 0.5, 28, 1527),
(785, 102, 0.5, 28, 1527),
(786, 92, 0.5, 28, 1527),
(787, 100, 0.5, 28, 1527),
(788, 90, 0.5, 28, 1527),
(789, 94, 0.5, 28, 1527),
(790, 103, 0.5, 28, 1527),
(791, 89, 0.5, 28, 1527),
(792, 88, 0.5, 28, 1527),
(793, 91, 0.5, 28, 1527),
(794, 93, 0.5, 28, 1527),
(795, 92, 0.5, 28, 1433),
(796, 89, 0.5, 28, 1433),
(797, 90, 0.5, 28, 1433),
(798, 100, 0.5, 28, 1433),
(799, 99, 0.5, 28, 1433),
(800, 88, 0.5, 28, 1433),
(801, 96, 0.5, 28, 1433),
(802, 94, 0.5, 28, 1480),
(803, 101, 0.5, 28, 1480),
(804, 93, 0.5, 28, 1480),
(805, 100, 0.5, 28, 1480),
(806, 89, 0.5, 28, 1480),
(807, 99, 0.5, 28, 1480),
(808, 91, 0.5, 28, 1480),
(809, 90, 0.5, 28, 1480),
(810, 92, 0.5, 28, 1480),
(811, 103, 0.5, 28, 1480),
(812, 99, 0.5, 28, 1522),
(813, 93, 0.5, 28, 1522),
(814, 89, 0.5, 28, 1522),
(815, 96, 0.5, 28, 1522),
(816, 91, 0.5, 28, 1522),
(817, 102, 0.5, 28, 1522),
(818, 95, 0.5, 28, 1522),
(819, 90, 0.5, 28, 1522),
(820, 101, 0.5, 28, 1522),
(821, 88, 0.5, 28, 1522),
(822, 100, 0.5, 28, 1522),
(823, 92, 0.5, 28, 1522),
(824, 94, 0.5, 28, 1522),
(825, 103, 0.5, 28, 1522),
(826, 97, 0.5, 28, 1559),
(827, 102, 0.5, 28, 1559),
(828, 99, 0.5, 28, 1559),
(829, 94, 0.5, 28, 1559),
(830, 88, 0.5, 28, 1559),
(831, 89, 0.5, 28, 1559),
(832, 90, 0.5, 28, 1559),
(833, 92, 0.5, 28, 1559),
(834, 91, 0.5, 28, 1559),
(835, 100, 0.5, 28, 1559),
(836, 96, 0.5, 28, 1559),
(837, 93, 0.5, 28, 1559),
(838, 103, 0.5, 28, 1559),
(839, 91, 0.5, 28, 1265),
(840, 88, 0.5, 28, 1265),
(841, 101, 0.5, 28, 1265),
(842, 93, 0.5, 28, 1265),
(843, 102, 0.5, 28, 1265),
(844, 92, 0.5, 28, 1265),
(845, 99, 0.5, 28, 1265),
(846, 94, 0.5, 28, 1265),
(847, 96, 0.5, 28, 1265),
(848, 90, 0.5, 28, 1265),
(849, 100, 0.5, 28, 1265),
(850, 103, 0.5, 28, 1265),
(851, 89, 0.5, 28, 1265),
(852, 102, 0.5, 28, 1491),
(853, 100, 0.5, 28, 1491),
(854, 95, 0.5, 28, 1491),
(855, 94, 0.5, 28, 1491),
(856, 93, 0.5, 28, 1491),
(857, 99, 0.5, 28, 1491),
(858, 91, 0.5, 28, 1491),
(859, 96, 0.5, 28, 1491),
(860, 103, 0.5, 28, 1491);

-- --------------------------------------------------------

--
-- Estrutura para tabela `quiz`
--

CREATE TABLE `quiz` (
  `ID_QUIZ` int(11) NOT NULL,
  `ID_USUARIO` int(11) NOT NULL,
  `DESCRICAO` varchar(45) DEFAULT NULL,
  `DT_INICIO` datetime DEFAULT NULL,
  `DT_FIM` datetime DEFAULT NULL,
  `PUBLICACAO` char(1) DEFAULT NULL,
  `INICIADO` tinyint(1) NOT NULL DEFAULT 0,
  `ESGOTADO` tinyint(1) NOT NULL DEFAULT 0,
  `RODADA` int(11) NOT NULL DEFAULT 0
) ENGINE=InnoDB DEFAULT CHARSET=utf8 ROW_FORMAT=COMPACT;

--
-- Despejando dados para a tabela `quiz`
--

INSERT INTO `quiz` (`ID_QUIZ`, `ID_USUARIO`, `DESCRICAO`, `DT_INICIO`, `DT_FIM`, `PUBLICACAO`, `INICIADO`, `ESGOTADO`, `RODADA`) VALUES
(1, 3, 'Voleibol 1', '2017-08-13 00:00:00', '2017-08-31 00:00:00', 'S', 0, 2, 0),
(2, 3, 'Perguntas Variadas', '2019-05-02 00:00:00', '2020-09-02 00:00:00', 'N', 0, 0, 0),
(3, 1, 'Selecionadas 2', '2019-05-02 00:00:00', '2020-09-02 00:00:00', 'S', 0, 0, 0),
(4, 5, 'Outubro 25', '2019-10-20 00:00:00', '2019-10-28 00:00:00', 'S', 0, 0, 0),
(11, 5, 'teste karlise', '2019-11-01 00:00:00', '2019-11-30 00:00:00', 'S', 0, 0, 0),
(12, 5, 'Quiz TTK', '2019-11-01 00:00:00', '2019-11-30 00:00:00', 'S', 0, 0, 0),
(13, 2, 'Quiz sobre Basquete', '2019-11-01 00:00:00', '2019-11-29 00:00:00', 'S', 0, 0, 0),
(14, 2, 'Quiz sobre futebol', '2019-11-01 00:00:00', '2019-11-29 00:00:00', 'S', 0, 0, 0),
(15, 2, 'Quiz sobre Volei', '2019-11-01 00:00:00', '2019-11-29 00:00:00', 'S', 0, 0, 0),
(16, 2, 'Quiz sobre handebol', '2019-11-01 00:00:00', '2019-11-29 00:00:00', 'S', 0, 0, 0),
(17, 23, 'Quiz sobre Handebol turma MSI 31', '2019-11-07 00:00:00', '2019-11-30 00:00:00', 'S', 0, 0, 0),
(18, 23, 'Quiz sobre Vôlei MSI 31', '2019-11-07 00:00:00', '2019-11-30 00:00:00', 'S', 0, 0, 0),
(19, 2, 'Quiz sobre Vôlei T21 - 26016', '2019-11-07 00:00:00', '2019-11-30 00:00:00', 'S', 0, 0, 0),
(20, 2, 'Quiz sobre Atletismo - T21', '2019-11-07 00:00:00', '2019-11-30 00:00:00', 'S', 0, 0, 0),
(21, 2, 'Terceiro Teste', '2019-11-14 00:00:00', '2019-11-30 00:00:00', 'S', 0, 0, 0),
(22, 23, 'Quiz sobre Futebol', '2019-11-07 00:00:00', '2019-11-30 00:00:00', 'S', 0, 0, 0),
(23, 23, 'Quiz sobre Handebol - LCT4', '2019-11-07 00:00:00', '2019-11-30 00:00:00', 'S', 0, 0, 0),
(24, 2, 'MSI11- Quiz sobre Basquete', '2019-11-18 00:00:00', '2019-11-30 00:00:00', 'S', 0, 0, 0),
(25, 2, 'MSI11-Quiz de Volei', '2019-11-25 00:00:00', '2019-11-30 00:00:00', 'S', 0, 0, 0),
(26, 2, 'MSI32-Quiz sobre Basquete', '2019-11-26 00:00:00', '2019-11-30 00:00:00', 'S', 0, 0, 0),
(27, 2, 'MSI32-Handebol', '2019-11-19 00:00:00', '2019-11-30 00:00:00', 'S', 0, 0, 0),
(28, 2, 'MSI32-Futebol', '2019-11-19 00:00:00', '2019-11-30 00:00:00', 'S', 0, 0, 0);

-- --------------------------------------------------------

--
-- Estrutura para tabela `resposta`
--

CREATE TABLE `resposta` (
  `ID_RESPOSTA` int(11) NOT NULL,
  `RESPOSTA` varchar(2000) DEFAULT NULL,
  `TIPO` char(1) DEFAULT NULL,
  `ID_PERGUNTA` int(11) NOT NULL
) ENGINE=InnoDB DEFAULT CHARSET=utf8 ROW_FORMAT=COMPACT;

--
-- Despejando dados para a tabela `resposta`
--

INSERT INTO `resposta` (`ID_RESPOSTA`, `RESPOSTA`, `TIPO`, `ID_PERGUNTA`) VALUES
(1, '7', 'F', 10),
(2, '12', 'V', 10),
(3, '14', 'F', 10),
(4, '5', 'F', 10),
(5, '25', 'V', 11),
(6, '15', 'F', 11),
(7, '26', 'F', 11),
(8, '14', 'F', 11),
(9, '5', 'F', 12),
(10, '4', 'F', 12),
(11, '3', 'F', 12),
(12, '6', 'V', 12),
(13, '2', 'F', 13),
(14, '3', 'F', 13),
(15, '5', 'V', 13),
(16, '4', 'F', 13),
(17, 'Sua equipe perde um ponto', 'F', 14),
(18, 'A equipe adversária ganha um ponto', 'F', 14),
(19, 'A equipe adversária perde um ponto', 'F', 14),
(20, 'Não há penalização', 'V', 14),
(21, '2,43', 'V', 15),
(22, '2,42', 'F', 15),
(23, '2,24', 'F', 15),
(24, '2,35', 'F', 15),
(25, '5', 'F', 16),
(26, '6', 'V', 16),
(27, '4', 'F', 16),
(28, 'Não há limite de substituições', 'F', 16),
(29, '1', 'F', 17),
(30, '0', 'F', 17),
(31, '2', 'V', 17),
(32, '4', 'F', 17),
(33, '8 seguntos', 'V', 18),
(34, '7 segundos', 'F', 18),
(35, '6 segundos', 'F', 18),
(36, ' 4 segundos', 'F', 18),
(37, '3', 'F', 19),
(38, '2', 'F', 19),
(39, '1', 'F', 19),
(40, '6', 'V', 19),
(41, '3 e 6', 'F', 20),
(42, '5 e 3', 'V', 20),
(43, '6 e 2', 'F', 20),
(44, '5 e 6', 'F', 20),
(45, '3m x 3m', 'F', 21),
(46, '18m x 9m', 'V', 21),
(47, '20m x 10m', 'F', 21),
(48, '16m x 9m', 'F', 21),
(49, '3', 'V', 22),
(50, '2', 'F', 22),
(51, '1', 'F', 22),
(52, '4', 'F', 22),
(53, '3m   ', 'F', 23),
(54, '6m', 'F', 23),
(55, '9m', 'V', 23),
(56, '10m', 'F', 23),
(57, 'É permitido jogar voleibol de óculos', 'F', 24),
(58, 'É permitido jogar voleibol com agasalho', 'F', 24),
(59, 'É permitido jogar voleibol com molas nos tênis', 'V', 24),
(60, 'É permitido jogar voleibol descalço', 'F', 24),
(61, 'Somente sacar', 'F', 25),
(62, 'Somente receber o saque', 'F', 25),
(63, 'Somente um dos lados da quadra para iniciar a partida', 'F', 25),
(64, 'Qualquer uma das alternativas anteriores', 'V', 25),
(65, 'Condução', 'V', 26),
(66, 'Dois toques', 'F', 26),
(67, 'Toque apoiado', 'F', 26),
(68, 'Quatro toques', 'F', 26),
(69, '2', 'V', 27),
(70, '4', 'F', 27),
(71, '6', 'F', 27),
(72, '7', 'F', 27),
(73, '2', 'F', 28),
(74, '3', 'F', 28),
(75, '4', 'V', 28),
(76, '1', 'F', 28),
(77, 'Bloqueio', 'F', 29),
(78, 'Ataque', 'F', 29),
(79, 'Defesa', 'F', 29),
(80, 'Saque', 'V', 29),
(81, 'Meio de rede', 'F', 30),
(82, 'Levantador', 'V', 30),
(83, 'Entrada de rede', 'F', 30),
(84, 'Oposto', 'F', 30),
(85, '3', 'V', 31),
(86, '2', 'F', 31),
(87, '4', 'F', 31),
(88, '1', 'F', 31),
(89, '4', 'F', 32),
(90, '1', 'F', 32),
(91, '3', 'F', 32),
(92, '2', 'V', 32),
(93, 'Saque', 'F', 33),
(94, 'Manchete', 'F', 33),
(95, 'Bloqueio', 'V', 33),
(96, 'Cortada', 'F', 33),
(97, 'Saque', 'F', 34),
(98, 'Cortada', 'F', 34),
(99, 'Manchete', 'F', 34),
(100, 'Toque', 'V', 34),
(101, ' 4x2 simples', 'F', 35),
(102, '4x2 com infiltração', 'V', 35),
(103, '5x1', 'F', 35),
(104, '4x2 ponta', 'F', 35),
(105, 'Levantador', 'F', 36),
(106, 'Líbero', 'F', 36),
(107, 'Meio de rede', 'V', 36),
(108, 'Oposto', 'F', 36),
(109, 'Saque', 'V', 37),
(110, 'Manchete', 'F', 37),
(111, 'Toque  ', 'F', 37),
(112, 'Bloqueio', 'F', 37),
(113, '4', 'V', 38),
(114, '5', 'F', 38),
(115, '6', 'F', 38),
(116, '1', 'F', 38),
(117, '3', 'F', 39),
(118, '2', 'V', 39),
(119, '4', 'F', 39),
(120, '5', 'F', 39),
(121, '... o levantador está indo para a 6', 'F', 40),
(122, '... o levantador está indo para 5', 'F', 40),
(123, '... o levantador está indo para 4', 'V', 40),
(124, '... o levantador está indo para a 3', 'F', 40),
(125, 'Aumentar o bloqueio', 'F', 41),
(126, 'Melhorar o passe', 'F', 41),
(127, 'Arrumar o saque', 'F', 41),
(128, 'Manter três atacantes na zona da frente (na rede)', 'V', 41),
(129, '... a manchete', 'V', 42),
(130, '... a cortada', 'F', 42),
(131, '... o saque', 'F', 42),
(132, '... o bloqueio', 'F', 42),
(133, 'Líbero', 'V', 43),
(134, 'Meio de rede', 'F', 43),
(135, 'Entrada de rede', 'F', 43),
(136, 'Oposto', 'F', 43),
(137, 'Bloqueio', 'F', 44),
(138, 'Toque', 'F', 44),
(139, 'Saque', 'F', 44),
(140, 'Manchete', 'V', 44),
(141, 'Bolas altas', 'F', 45),
(142, 'Bolas chutadas', 'F', 45),
(143, 'Bolas médias', 'F', 45),
(144, 'Bolas rápidas', 'V', 45),
(145, 'De frente', 'F', 46),
(146, 'De costas', 'V', 46),
(147, 'De lado', 'F', 46),
(148, 'De joelhos', 'F', 46),
(149, '2', 'F', 47),
(150, '3', 'F', 47),
(151, '4', 'V', 47),
(152, '5', 'F', 47),
(153, 'Meio de rede', 'F', 48),
(154, 'Oposto', 'F', 48),
(155, 'Entrada de rede', 'V', 48),
(156, 'Líbero', 'F', 48),
(157, '3', 'F', 49),
(158, '2', 'V', 49),
(159, '1', 'F', 49),
(160, '5', 'F', 49),
(161, '1890', 'F', 50),
(162, '1910', 'F', 50),
(163, '1895', 'V', 50),
(164, '1744', 'F', 50),
(165, 'William Morgan', 'V', 51),
(166, 'Morgan Freeman', 'F', 51),
(167, 'William Gump', 'F', 51),
(168, 'James Naismith', 'F', 51),
(169, 'Basquetebol', 'F', 52),
(170, 'Mini-tênis', 'F', 52),
(171, 'Punhobol', 'F', 52),
(172, 'Mintonette', 'V', 52),
(173, 'Associação Cristã de Moços', 'V', 53),
(174, 'Associação Cristã de Moças', 'F', 53),
(175, 'Grêmio Esportivo Brasil', 'F', 53),
(176, 'Clube Esportivo de Esportes', 'F', 53),
(177, 'Criar um esporte mais dinâmico que o Basquete', 'F', 54),
(178, 'Criar um esporte com menos contato e menor chances de lesões que o Basquete', 'V', 54),
(179, 'Criar um esporte com mais praticantes que o Basquete', 'F', 54),
(180, 'Criar um esporte mais atrativo que o Basquete', 'F', 54),
(181, 'Fazer mais ataques que a equipe adversária', 'F', 55),
(182, 'Errar menos que a equipe adversária', 'F', 55),
(183, 'Ter um saldo de pontos melhor do que a equipe adversária', 'F', 55),
(184, 'Colocar a bola no chão da quadra da equipe adversária', 'V', 55),
(185, 'California', 'F', 56),
(186, ' Oregon', 'F', 56),
(187, 'Massachusetts', 'V', 56),
(188, 'Texas', 'F', 56),
(189, 'Ganha a partida quem faz mais defesa', 'F', 57),
(190, 'Ganha a partida quem faz mais pontos', 'V', 57),
(191, 'Ganha a partida quem faz mais defesa', 'F', 57),
(192, 'Ganha a partida quem melhor levanta', 'F', 57),
(193, 'Dar soco na bola', 'F', 58),
(194, 'Fazer embaixadinhas com a bola', 'V', 58),
(195, 'Cabecear a bola', 'F', 58),
(196, 'Domiar a bola com o peito', 'F', 58),
(197, 'Todas as alternativas abaixo', 'V', 59),
(198, 'Toque, incluindo 2 toques caso aconteça', 'F', 59),
(199, 'Toque', 'F', 59),
(200, 'A cabeça', 'F', 59),
(201, 'Chutando a bola', 'F', 60),
(202, 'Toque, incluindo 2 toques caso aconteça', 'F', 60),
(203, 'Toque conduzindo a bola', 'V', 60),
(204, 'Utilizando a coxa', 'F', 60),
(205, 'Qualquer jogador exceto quem estava no bloqueio', 'F', 61),
(206, 'Somente quem estava no bloqueio mas não tocou na bola ', 'F', 61),
(207, 'Somente quem estava no bloqueio e tocou na bola', 'F', 61),
(208, 'Qualquer jogador', 'V', 61),
(209, '2 e 6', 'V', 62),
(210, '6 e 3', 'F', 62),
(211, '2 e 3', 'F', 62),
(212, '2 e 5', 'F', 62),
(213, '2 e 4', 'F', 63),
(214, '2, 4 e 6', 'V', 63),
(215, '4 e 6', 'F', 63),
(216, '1 e 2', 'F', 63),
(217, '1 e 4', 'F', 64),
(218, '1, 5 e 3', 'V', 64),
(219, '5 e 1', 'F', 64),
(220, '3, 4 e 5', 'F', 64),
(221, '... mais perto da linha de fundo do que a esquerda', 'F', 65),
(222, '... mais afastada da linha de fundo do que a esquerda', 'V', 65),
(223, '... de forma paralela com a esquerda', 'F', 65),
(224, '... indiferente a posição das pernas', 'F', 65),
(225, '35', 'F', 66),
(226, '37', 'F', 66),
(227, '36', 'V', 66),
(228, 'Não pode chegar a esta pontuação', 'F', 66),
(229, '25', 'V', 67),
(230, '24', 'F', 67),
(231, '26', 'F', 67),
(232, '27', 'F', 67),
(233, '25', 'V', 68),
(234, '24', 'F', 68),
(235, '26', 'F', 68),
(236, '27', 'F', 68),
(237, 'Manchete', 'F', 69),
(238, 'Bloqueio', 'F', 69),
(239, 'Ataque', 'F', 69),
(240, 'Saque', 'V', 69),
(241, '2,20m', 'F', 70),
(242, '2,24m', 'V', 70),
(243, '2,32m', 'F', 70),
(244, '2,43m', 'F', 70),
(245, 'Até 3', 'F', 71),
(246, 'Até 2', 'F', 71),
(247, 'Quantas quiser', 'V', 71),
(248, 'Até 4', 'F', 71),
(249, '2', 'F', 72),
(250, '4', 'F', 72),
(251, '6', 'F', 72),
(252, 'Quantas vezes forem necessárias, pois não conta como substituição', 'V', 72),
(253, 'Bloqueio', 'V', 73),
(254, 'Ataque', 'F', 73),
(255, 'Saque', 'F', 73),
(256, 'Toque', 'F', 73),
(257, 'Cortada', 'V', 74),
(258, 'Manchete', 'F', 74),
(259, 'Saque', 'F', 74),
(260, 'Bloqueio', 'F', 74),
(261, 'Levantador', 'F', 75),
(262, 'Meio de rede', 'V', 75),
(263, 'Ponteiro', 'F', 75),
(264, 'Líbero', 'F', 75),
(265, 'As mãos devem estar fechadas', 'F', 76),
(266, 'A palma da mãeo deve estar voltada pra cima', 'F', 76),
(267, 'A palma da mão deve estar voltada pra baixo', 'V', 76),
(268, 'Não existe bloqueio ofensivo', 'F', 76),
(269, 'Manchete', 'F', 77),
(270, 'Cortada', 'F', 77),
(271, 'Saque', 'F', 77),
(272, 'Bloqueio', 'V', 77),
(273, '... existem 2 levantadores, 2 meios de rede e 2 saídas de rede', 'F', 78),
(274, '... existem 2 levantadores, 2 meios de rede, 1 saída de rede e 1 líbero', 'F', 78),
(275, '... existem 2 levantadores, 2 entradas de rede e 1 saída de rede e 1 líbero', 'F', 78),
(276, '... existem 2 levantadores, 2 entradas de rede e 2 saídas de rede', 'V', 78),
(277, '2 Levantadores', 'F', 79),
(278, '3 levantadores', 'F', 79),
(279, '1 levantador', 'V', 79),
(280, '5 levantadores', 'F', 79),
(281, '5', 'V', 80),
(282, '4', 'F', 80),
(283, '3', 'F', 80),
(284, '1', 'F', 80),
(285, 'Meio de rede e saída de rede', 'F', 81),
(286, 'Entradas de rede e o líbero', 'V', 81),
(287, 'Levantador e o líbero', 'F', 81),
(288, 'Saída de rede e o líbero', 'F', 81),
(289, '... mais perto da linha central do que a esquerda', 'F', 82),
(290, '... mais perto da linha de fundo do que a esquerda', 'V', 82),
(291, '... as pernas devem estar paralelas', 'F', 82),
(292, '... indiferente a posição das pernas', 'F', 82),
(293, '1', 'F', 83),
(294, '5', 'V', 83),
(295, '6', 'F', 83),
(296, '3', 'F', 83),
(297, '60 segundos', 'F', 84),
(298, '45 segundo', 'F', 84),
(299, '90 segundos', 'F', 84),
(300, '30 segundos', 'V', 84),
(301, '30 segundos', 'F', 85),
(302, '90 segundos', 'F', 85),
(303, '45 segundos', 'F', 85),
(304, '60 segundos', 'V', 85),
(305, 'Nenhum', 'V', 86),
(306, '1', 'F', 86),
(307, '2', 'F', 86),
(308, '3', 'F', 86),
(309, 'Meio de rede', 'F', 87),
(310, 'Líbero', 'F', 87),
(311, 'Ponteiro', 'V', 87),
(312, 'Nenhuma das opções anteriores', 'F', 87),
(313, 'As linhas', 'F', 88),
(314, 'A rede', 'F', 88),
(315, 'As antenas', 'V', 88),
(316, 'Não existe nenhum objeto que limite o espaço de cruzamento da bola', 'F', 88),
(317, 'A palma da mão deve estar voltada para baixo', 'F', 89),
(318, 'A palma da mão deve estar voltada para cima', 'V', 89),
(319, 'Não existe bloqueio defensivo', 'F', 89),
(320, 'As mãos devem estar fechadas', 'F', 89),
(321, 'Sim, só na parte acima do bordo superior da rede', 'F', 90),
(322, 'Sim, só na parte inferior ao bordo superior da rede', 'F', 90),
(323, 'Não é permitido tocar em nenhuma parte da antena', 'V', 90),
(324, 'Não existe antenas em um jogo de voleibol', 'F', 90),
(325, '... ele é obrigado a realizar o movimento do saque para a quadra adversária.', 'V', 91),
(326, '... ele pode deixar ela cair no chão até 2 vezes, caso tenha lançado errado.', 'F', 91),
(327, '... ele pode deixar ela cair no chão apens 1 vez, caso tenha lançado errado.', 'F', 91),
(328, '... ele pode pedir auxílio a um colega no lançamento da bola para realizar um saque.', 'F', 91),
(329, '... pode tocar nela, desde que seja sem intenção.', 'F', 92),
(330, '... pode tocar nela, desde que seja na parte inferior do bordo superior da rede', 'F', 92),
(331, '... pode tocar nela, somente com o cotovelo ou antebraço', 'F', 92),
(332, '... não pode tocar de forma alguma na rede', 'V', 92),
(333, 'Ele obrigatóriamente sai do set e a sua equipe perde um ponto.', 'F', 93),
(334, 'Ele obrigatóriamente sai do set e a equipe adversária ganha um ponto.', 'F', 93),
(335, 'Ele pode permanecer no set e a sua equipe perde um ponto.', 'F', 93),
(336, 'Ele pode permanecer no set e a equipe adversária ganha um ponto.', 'V', 93),
(337, 'Ele obrigatóriamente sai do set e a sua equipe perde um ponto.', 'F', 94),
(338, 'Ele obrigatóriamente sai do set e a equipe adversária não ganha ponto.', 'V', 94),
(339, 'Ele pode permanecer no set e a equipe adversária não ganha ponto.', 'F', 94),
(340, 'Ele pode permanecer no set e a equipe adversária ganha um ponto.', 'F', 94),
(341, 'Ele obrigatóriamente sai da partida e não há mais sanções para a sua equipe.', 'V', 95),
(342, 'Ele obrigatóriamente sai do set e não há mais sanções para a sua equipe', 'F', 95),
(343, 'Ele obrigatóriamente sai da partida e a equipe adversária ganha um ponto.', 'F', 95),
(344, 'Ele obrigatóriamente sai do set e a equipe adversária ganha um ponto.', 'F', 95),
(345, '... ele pode automaticamente voltar a quadra.', 'F', 96),
(346, '... ele deve esperar acontecer as rotações necessárias até o jogador que ele deu lugar vá para o fundo da quadra e ele possa trocar com este novamente.', 'F', 96),
(347, '... ele deve esperar pelo menos um rally para voltar a quadra.', 'V', 96),
(348, '... ele não poderá mais voltar a jogar.', 'F', 96),
(349, 'Também através de uma braçadeira.', 'F', 97),
(350, 'Através de um uniforme de outra cor.', 'F', 97),
(351, 'Através de uma marcação sob o número frontal da sua camiseta.', 'V', 97),
(352, 'Através da identificação feita pelo treinador.', 'F', 97),
(353, 'Ponto para a equipe que estava sacando.', 'F', 98),
(354, 'Ponto para a equipe que estava recebendo o saque.', 'F', 98),
(355, 'É vista a posição da seta para saber quem ira sacar.', 'F', 98),
(356, 'Falta dupla e o rally é repetido.', 'V', 98),
(357, 'Ataque vaselina', 'F', 99),
(358, 'Chua', 'F', 99),
(359, 'Largada', 'V', 99),
(360, 'Bandeja', 'F', 99),
(361, 'Manchete', 'F', 100),
(362, 'Largada', 'V', 100),
(363, 'Saque', 'F', 100),
(364, 'Toque', 'F', 100),
(365, 'Haverá um capitão em quadra, sinalizado pelo treinador, mas o capitão da equipe será o mesmo até o fim da partida.', 'V', 101),
(366, 'O capitão da equipe não pode sair da quadra.', 'F', 101),
(367, 'O capitão da equipe muda para outro jogador sinalizado pelo treinador.', 'F', 101),
(368, 'A equipe adversária ganha um ponto quando descobre que o capitão saiu da quadra e não há outro capitão da equipe em quadra.', 'F', 101),
(369, 'Atacar a bola.', 'F', 102),
(370, 'Atacar a bola na zona de frente, também chamada de zona de ataque.', 'F', 102),
(371, 'Atacar a bola na zona de frente, também chamada de zona de ataque, mesmo pisando na linha dos três metros.', 'F', 102),
(372, 'Atacar a bola na zona de frente, também chamada de zona de ataque, estando a bola acima do bordo superior da rede.', 'V', 102),
(373, 'Quando jogador invade propositalmente a quadra adversária.', 'F', 103),
(374, 'Quando o levantador está no fundo da quadra e avança para a zona da frente para realizar o levantamento.', 'V', 103),
(375, 'Quando o atacante muda de lugar para ir aonde gosta de jogar.', 'F', 103),
(376, 'Quando o líbero sai e entra outra pessoa no lugar dele.', 'F', 103),
(377, '2', 'V', 104),
(378, '1', 'F', 104),
(379, '6', 'F', 104),
(380, '5', 'F', 104),
(381, '... neutra.', 'F', 105),
(382, '... fora.', 'F', 105),
(383, '... dentro.', 'V', 105),
(384, '... uma bola duvidosa e repete o saque.', 'F', 105),
(385, 'Sim, para recuperar uma bola ele pode invadir qualquer parte da quadra adversária.', 'F', 106),
(386, 'Sim, para recuperar uma bola ele pode invadir o espaço adversário, mas não pode pisar na quadra.', 'V', 106),
(387, 'Não, sob nenhuma hipótese poderá haver a situação citada.', 'F', 106),
(388, 'Sim, desde que não toque no adversário, ele pode pisar qualquer parte da quadra adversária.', 'F', 106),
(389, '3 medalhas de ouro', 'F', 107),
(390, '4 medalhas de ouro', 'F', 107),
(391, '5 medalhas de ouro', 'V', 107),
(392, '6 medalhas de ouro', 'F', 107),
(393, 'Brasil', 'V', 108),
(394, 'Itália', 'F', 108),
(395, 'Rússia ', 'F', 108),
(396, 'Estados Unidos', 'F', 108),
(397, '5', 'F', 109),
(398, '6', 'F', 109),
(399, '7', 'F', 109),
(400, '0 (treinador não ganha medalhas)', 'V', 109),
(401, ' 40 metros de comprimento e 20 metros de largura.', 'V', 110),
(402, ' 44 metros de comprimento e 22 metros de largura.', 'F', 110),
(403, ' 46 metros de comprimento e 23 metros de largura.', 'F', 110),
(404, ' 50 metros de comprimento e 25 metros de largura.', 'F', 110),
(405, '4 centímetros.', 'F', 111),
(406, '5 centímetros.', 'V', 111),
(407, '6 centímetros.', 'F', 111),
(408, '7 centímetros.', 'F', 111),
(409, '4,5 metros da linha central, com uma linha paralela que estende-se 15 cm dentro da quadra e 15 cm para fora.', 'V', 112),
(410, '6,5 metros da linha central, com uma linha paralela que estende-se 12 cm dentro da quadra e 12 cm para fora.', 'F', 112),
(411, '7 metros da linha central, com uma linha paralela que estende-se 12 cm dentro da quadra e 12 cm para fora.', 'F', 112),
(412, 'Nenhuma das alternativas.', 'F', 112),
(413, 'Localiza-se a 7 metros da linha central.', 'F', 113),
(414, 'Localiza-se a 1,5 metros da linha pontilhada.', 'F', 113),
(415, 'Localiza-se a 1,5 metros da área da baliza.', 'F', 113),
(416, 'Localiza-se a 1 metro da área da baliza.', 'V', 113),
(417, '6 metros.', 'V', 114),
(418, '6 metros e 50 centímetros.', 'F', 114),
(419, '7 metros.', 'F', 114),
(420, '7 metros e 50 centímetros.', 'F', 114),
(421, 'É a linha do tiro livre.', 'F', 115),
(422, 'Em seu comprimento total mede 50 centímetros.', 'V', 115),
(423, 'É uma linha tracejada a 3 metros de distancia da linha da área de gol.', 'F', 115),
(424, 'Ambos os seguimentos da linha e os espaços entre eles medem 15 cm.', 'F', 115),
(425, 'Uma exclusão por 2 minutos ou uma desqualificação for aplicada.', 'F', 116),
(426, 'Um tempo técnico for concedido.', 'F', 116),
(427, 'Quando uma equipe extrapola a quantidade de tempos permitidos.', 'V', 116),
(428, 'Houver um sinal de apito do cronometrista ou do delegado técnico.', 'F', 116),
(429, '1 oficial.', 'F', 117),
(430, '4 oficiais.', 'V', 117),
(431, '6 oficias.', 'F', 117),
(432, '7 oficias.', 'F', 117),
(433, 'Dois tempos técnicos de 45 segundos.', 'F', 118),
(434, 'Três tempos técnicos de 1 minuto.', 'V', 118),
(435, 'Três tempos técnicos de 45 segundos.', 'F', 118),
(436, 'Quatro tempos técnicos de 45 segundos.', 'F', 118),
(437, 'Uma exclusão permanente para o jogador infrator. ', 'F', 119),
(438, 'Uma exclusão de 2 minutos para o jogador infrator. ', 'V', 119),
(439, 'Um cartão amarelo para o jogador infrator.', 'F', 119),
(440, 'Nenhuma das alternativas.', 'F', 119),
(441, '20 cm de altura nas costas da camisa e 10 cm na frente.', 'V', 120),
(442, '20 cm de altura nas costas da camisa e 12 cm na frente.', 'F', 120),
(443, '22 cm de altura nas costas da camisa  e 10 cm na frente.', 'F', 120),
(444, '22 cm de altura nas costas da camisa e 12 cm na frente.', 'F', 120),
(445, '1 a 45.', 'F', 121),
(446, '1 a 50.', 'F', 121),
(447, '1 a 55.', 'F', 121),
(448, '1 a 99.', 'V', 121),
(449, 'Tiro lateral, quando o goleiro do time atacante invadir a área.', 'V', 122),
(450, 'Tiro livre, quando um jogador da equipe defensora invadir a área.', 'F', 122),
(451, 'Tiro de 7 metros, quando um jogador da equipe defensora invadir a área e impedir uma clara chance do gol.', 'F', 122),
(452, 'Tiro de meta, quando um jogador do equipe atacante invadir a área.', 'F', 122),
(453, 'Usar uma mão aberta para tirar a bola da mão de outro jogador.', 'F', 123),
(454, 'Usar o pé para interceptar a bola do adversário. ', 'V', 123),
(455, 'Usar o tronco para bloquear o adversário na luta pela posição.', 'F', 123),
(456, 'Usar os braços flexionados para fazer contato corporal com um adversário, e desta maneira controlá-lo e acompanhá-lo.', 'F', 123),
(457, 'Uma.', 'F', 124),
(458, 'Duas.', 'V', 124),
(459, 'Três.', 'F', 124),
(460, 'Quatro.', 'F', 124),
(461, '1,5 metros.', 'F', 125),
(462, '2 metros.', 'F', 125),
(463, '2,5 metros.', 'F', 125),
(464, '3 metros.', 'V', 125),
(465, 'Dois árbitros assistidos por um secretário e por um cronometrista.', 'V', 126),
(466, 'Dois árbitros assistidos por dois secretário e por dois cronometrista.', 'F', 126),
(467, 'Três árbitros assistidos por três secretário e por três cronometrista.', 'F', 126),
(468, 'Três árbitros assistidos por dois secretário e por um cronometrista.', 'F', 126),
(469, '2 períodos de 20 minutos cada um. ', 'F', 127),
(470, '2 períodos de 30 minutos cada um. ', 'V', 127),
(471, '2 períodos de 25 minutos cada um. ', 'F', 127),
(472, '3 períodos de 20 minutos cada um. ', 'F', 127),
(473, '6 substituições.', 'F', 128),
(474, '8 substituições.', 'F', 128),
(475, '12 substituições.', 'F', 128),
(476, 'Ilimitadas.', 'V', 128),
(477, '4x2', 'F', 129),
(478, '5x1', 'F', 129),
(479, '3x3', 'F', 129),
(480, '6x0', 'V', 129),
(481, 'Tiro de 7 metros.', 'V', 130),
(482, 'Tiro lateral.', 'F', 130),
(483, 'Tiro de meta.', 'F', 130),
(484, 'Tiro livre.', 'F', 130),
(485, 'Jogadores de duas equipes cometerem ações anti-regulamentares ao mesmo tempo na quadra.', 'F', 131),
(486, 'Um jogador fizer falta no árbitro.', 'V', 131),
(487, 'A bola encostar o teto ou objeto fixado sobre a quadra.', 'F', 131),
(488, 'O jogo é interrompido sem que tenha acontecido qualquer infração e a bola não estava em poder de nenhuma equipe.', 'F', 131),
(489, 'É obrigatório os dois pés estarem posicionados sobre a linha lateral.', 'F', 132),
(490, 'Não pode pisar com os pés na linha lateral.', 'F', 132),
(491, 'Um pé deve estar sobre a linha lateral.', 'V', 132),
(492, 'É indiferente o posicionamentos dos pés. ', 'F', 132),
(493, 'Tocar a bola que está parada ou rolando no solo do lado de fora da área de gol, estando ele dentro da mesma.', 'F', 133),
(494, 'Reentrar na área de gol vindo da área de jogo com posse de bola.', 'F', 133),
(495, 'Levar a bola para dentro da área de gol quando ela estiver parada ou rolando no solo do lado de fora da área de gol.', 'F', 133),
(496, 'Sair da área de gol com a bola, e jogá-la de novo na área de jogo, se ele não tiver o completo controle da mesma.', 'V', 133),
(497, 'Drible.', 'V', 134),
(498, 'Finta.', 'F', 134),
(499, 'Passe.', 'F', 134),
(500, 'Quique.', 'F', 134),
(501, '2 passos.', 'F', 135),
(502, '3 passos.', 'V', 135),
(503, '4 passos.', 'F', 135),
(504, 'Não é permitido caminhar com a bola na mão.', 'F', 135),
(505, 'Pivô.', 'F', 136),
(506, 'Pontas.', 'F', 136),
(507, 'Goleiro.', 'V', 136),
(508, 'Armadores.', 'F', 136),
(509, 'Validado gol, se a bola entrar na baliza.', 'F', 137),
(510, 'Concedido um tiro livre, se a bola ficar dentro da área de gol ou se o goleiro tocar a bola e ela não entrar na baliza.', 'F', 137),
(511, 'Concedido um tiro lateral, se a bola sair pela linha de fundo.', 'F', 137),
(512, 'Concedido um tiro de 7 metros, se qualquer jogador do time defensor pegar a bola.', 'V', 137),
(513, 'Tocar a bola mais de uma vez depois que ela foi controlada, a menos que ela tenha tocado o solo, outro jogador, ou a baliza.', 'V', 138),
(514, 'Quicar a bola uma vez e agarrá-la novamente com uma ou duas mãos.', 'F', 138),
(515, 'Quicar a bola repetidamente com uma mão (drible) e então agarrá-la ou pegá-la novamente com uma ou ambas as mãos.', 'F', 138),
(516, 'Rolar a bola sobre o solo repetidamente com uma mão e então agarrá-la ou pegá-la de novo com uma ou ambas as mãos. ', 'F', 138),
(517, 'A parte do corpo contra a qual é dirigida a ação ilegal.', 'F', 139),
(518, 'A postura do jogador infrator.', 'V', 139),
(519, 'A dinâmica da ação ilegal.', 'F', 139),
(520, 'O efeito da ação ilegal.', 'F', 139),
(521, '12 jogadores, sendo 7 titulares e 5 reservas.', 'F', 140),
(522, '14 jogadores, sendo 7 titulares e 7 reservas.', 'F', 140),
(523, '15 jogadores, sendo 7 titulares e 8 reservas.', 'F', 140),
(524, '16 jogadores, sendo 7 titulares e 9 reservas.', 'V', 140),
(525, 'Tiro livre.', 'F', 141),
(526, 'Tiro de canto.', 'F', 141),
(527, 'Tiro lateral', 'F', 141),
(528, 'Tiro de meta', 'V', 141),
(529, 'Tiro de canto.', 'V', 142),
(530, 'Tiro de meta.', 'F', 142),
(531, 'Tiro livre.', 'F', 142),
(532, 'Tiro lateral.', 'F', 142),
(533, 'Através de um tiro de lateral, na lateral mais proxima de onde aconteceu a infração.', 'F', 143),
(534, 'Através de um tiro livre, executado do lugar onde a bola estava quando o jogo foi interrompido.', 'V', 143),
(535, 'Através de um tiro livre, da linha pontilhada.', 'F', 143),
(536, 'Através de um tiro de saída da linha central da quadra.', 'F', 143),
(537, 'Manter a bola em posse sem realizar nenhuma tentativa reconhecível de passe.', 'F', 144),
(538, 'Manter a bola em posse sem realizar nenhuma tentativa reconhecível de passe ou ataque.', 'F', 144),
(539, 'Manter a bola em posse sem realizar nenhuma tentativa reconhecível de ataque ou arremesso. ', 'V', 144),
(540, 'Manter a bola em posse sem realizar nenhuma tentativa reconhecível de ataque ou defesa.', 'F', 144),
(541, 'A bola ultrapassar completamente a linha do gol.', 'V', 145),
(542, 'A bola juntamente do jogador obrigatoriamente ultrapassarem a linha do gol.', 'F', 145),
(543, 'A bola for arremessada sem precisar ultrapassar completamente a linha do gol, ficando parte de sua circunferência para fora.', 'F', 145),
(544, 'Apenas quando a bola tocar em uma das balizas antes de ultrapassar a linha do gol.', 'F', 145),
(545, 'Perdeu o sorteio de saída de bola.', 'F', 146),
(546, 'Ganhou o sorteio e escolheu o lado da quadra em que quer sair jogando.', 'F', 146),
(547, 'Ganhou o sorteio e escolheu começar com posse de bola.', 'V', 146),
(548, 'Ganhou o sorteio e escolheu o lado da quadra em que quer sair jogando, juntamente da posse de bola.', 'F', 146),
(549, 'Fez o gol.', 'F', 147),
(550, 'Sofreu o gol.', 'V', 147),
(551, 'Ganhou um novo sorteio realizado pela saída de bola.', 'F', 147),
(552, 'Perdeu um novo sorteio realizado pela saída de bola.', 'F', 147),
(553, 'Para frente do centro da quadra de jogo.', 'F', 148),
(554, 'Para trás do centro da quadra de jogo.', 'F', 148),
(555, 'Para as laterais do centro da quadra de jogo.', 'F', 148),
(556, 'Para qualquer direção do centro da quadra de jogo.', 'V', 148),
(557, '2 segundos.', 'F', 149),
(558, '3 segundos.', 'V', 149),
(559, '4 segundos.', 'F', 149),
(560, '5 segundos.', 'F', 149),
(561, 'Com pelo menos um pé em contato coma linha central e o outro pé atrás dessa linha.', 'V', 150),
(562, 'Obrigatóriamente com os dois pés em contato com a linha central.', 'F', 150),
(563, 'Sem precisar ter nenhum dos pés em contato com a linha central.', 'F', 150),
(564, 'Com os dois pés e uma das mãos em contato com a linha central.', 'F', 150),
(565, '1 metro.', 'F', 151),
(566, '3 metros.', 'V', 151),
(567, '5 metros.', 'F', 151),
(568, '10 metros.', 'F', 151),
(569, '4 atletas.', 'F', 152),
(570, '5 atletas.', 'V', 152),
(571, '6 atletas.', 'F', 152),
(572, '7 atletas.', 'F', 152),
(573, '4 atletas.', 'F', 153),
(574, '5 atletas.', 'F', 153),
(575, '7 atletas.', 'F', 153),
(576, 'os árbitros são responsáveis por julgarem se e quando uma partida será definitivamente suspensa.', 'V', 153),
(577, 'A bola, juntamente com o jogador, ultrapassar a linha lateral.', 'F', 154),
(578, 'O jogador pisar fora da quadra, mesmo com a bola não ultrapassando a linha lateral.', 'F', 154),
(579, 'A bola, estando ou não sobre posse de algum jogador, cruzar completamente a linha lateral.', 'V', 154),
(580, 'A bola cruzar parte da linha lateral, estando ou não de posse de algum jogador.', 'F', 154),
(581, '10 metros para frente de onde a bola cruzou a linha lateral.', 'F', 155),
(582, '10 metros para trás de onde a bola cruzou a linha lateral.', 'F', 155),
(583, 'O jogador escolhe onde quer cobrar.', 'F', 155),
(584, 'Do mesmo lugar onde a bola cruzou a linha lateral.', 'V', 155),
(585, '1 metro', 'F', 156),
(586, '2 metros.', 'F', 156),
(587, '3 metros.', 'V', 156),
(588, '5 metros.', 'F', 156),
(589, 'Tiro livre.', 'F', 157),
(590, 'Tiro lateral.', 'F', 157),
(591, 'Saída de bola.', 'F', 157),
(592, 'Tiro de meta.', 'V', 157),
(593, 'Goleiro.', 'V', 158),
(594, 'Ponteiro.', 'F', 158),
(595, 'Armador.', 'F', 158),
(596, 'Pivô.', 'F', 158),
(597, 'A bola ultrapassar completamente a linha central da quadra.', 'F', 159),
(598, 'A bola ultrapassar completamente a linha de tiro livre.', 'F', 159),
(599, 'A bola ultrapassar completamente a linha da área de gol.', 'V', 159),
(600, 'A bola chegar do outro lado da quadra.', 'F', 159),
(601, 'Linha lateral.', 'F', 160),
(602, 'Linha dos 7 metros.', 'F', 160),
(603, 'Linha da área de gol.', 'F', 160),
(604, 'Linha pontilhada.', 'V', 160),
(605, 'Quando o jogador tocar na bola com os pés.', 'F', 161),
(606, 'Quando o jogador maneja a bola irregularmente.', 'F', 161),
(607, 'Quando o jogador errar um passe.', 'V', 161),
(608, 'Quando o jogador dá mais de três passos com a bola na mão.', 'F', 161),
(609, '3 metros.', 'V', 162),
(610, '4 metros.', 'F', 162),
(611, '5 metros.', 'F', 162),
(612, '10 metros.', 'F', 162),
(613, 'Quando o jogador agarra o adversário para impedir clara oportunidade de marcar gol.', 'F', 163),
(614, 'Quando o jogador lança intencionalmente a bola para o goleiro da própria equipe.', 'F', 163),
(615, 'Quando houver um apito não justificado no momento de uma clara ocasião de gol.', 'F', 163),
(616, 'Quando o goleiro sair de sua área.', 'V', 163),
(617, '2 segundos.', 'F', 164),
(618, '3 segundos.', 'V', 164),
(619, '4 segundos.', 'F', 164),
(620, '5 segundos.', 'F', 164),
(621, 'Dentro da área de ataque.', 'F', 165),
(622, 'Dentro da área de defesa.', 'F', 165),
(623, 'Fora da linha de tiro livre (pontilhada).', 'V', 165),
(624, 'Entre a linha de tiro livre e a área de gol.', 'F', 165),
(625, 'O tiro de 7 metros deverá ser recobrado nos casos em que o gol não tenha sido marcado.', 'V', 166),
(626, 'O tiro de 7 metros deverá ser recobrado, mesmo que o gol tenha sido marcado.', 'F', 166),
(627, 'O tiro de 7 metros é invalidado e não é recobrado.', 'F', 166),
(628, 'O tiro de 7 metros é revertido à outra equipe.', 'F', 166),
(629, 'Nos casos de um tiro de saída e tiro de 7 metros.', 'V', 167),
(630, 'Nos casos de tiro lateral e tiro de meta.', 'F', 167),
(631, 'Nos casos de tiro de meta e tiro livre.', 'F', 167),
(632, 'Nos casos de tiro livre e tiro de sete metros.', 'F', 167),
(633, 'O periodo do jogo em que foi desqualificado, podendo retornar no periodo seguinte.', 'F', 168),
(634, 'A partida e o número de jogadores na quadra  não será alterado.', 'F', 168),
(635, 'A partida e o número de jogadores na quadra será reduzido durante 2 minutos.', 'V', 168),
(636, '2 minutos podendo retornar após o cumprimento da punição.', 'F', 168),
(637, 'Uma dvertência.', 'V', 169),
(638, 'Duas advertências.', 'F', 169),
(639, 'Três advertências.', 'F', 169),
(640, 'Cartões amarelos são aplicados apenas para membros da comissão técnica.', 'F', 169),
(641, '2 minutos.', 'V', 170),
(642, '3 minutos.', 'F', 170),
(643, '5 minutos.', 'F', 170),
(644, '10 minutos.', 'F', 170),
(645, '1 exclusão.', 'F', 171),
(646, '2 exclusões.', 'F', 171),
(647, '3 exclusões.', 'V', 171),
(648, '4 exclusões.', 'F', 171),
(649, 'Dois árbitros de igual autoridade acompanhados por um secretário e um cronometrista.', 'V', 172),
(650, 'Um árbitro acompanhado por um cronometrista.', 'F', 172),
(651, 'Um árbitro acompanhado por dois bandeirinhas e um secretário.', 'F', 172),
(652, 'Três árbitros acompanhados por dois cronometristas.', 'F', 172),
(653, 'Amarelo.', 'F', 173),
(654, 'Azul.', 'F', 173),
(655, 'Vermelho.', 'F', 173),
(656, 'Preto.', 'V', 173),
(657, 'Espanha.', 'F', 174),
(658, 'França.', 'F', 174),
(659, 'Alemanha.', 'V', 174),
(660, 'Rússia.', 'F', 174),
(661, 'Berlim, 1936.', 'V', 175),
(662, 'Londres, 1948.', 'F', 175),
(663, 'Helsinque, 1952.', 'F', 175),
(664, 'Melbourne, 1956.', 'F', 175),
(665, '1 medalha.', 'F', 176),
(666, '2 medalhas.', 'F', 176),
(667, '4 medalhas.', 'F', 176),
(668, 'Nenhuma medalha.', 'V', 176),
(669, 'WHF (World Handball Federation)', 'F', 177),
(670, 'IHF (International Handball Federation)', 'V', 177),
(671, 'WAH (World Association of Handball)', 'F', 177),
(672, 'FH (Federation of Handball)', 'F', 177),
(673, '1899.', 'F', 178),
(674, '1919.', 'V', 178),
(675, '1922.', 'F', 178),
(676, '1936.', 'F', 178),
(677, 'Bastian Schweinsteiger.', 'F', 179),
(678, 'Mario Muller.', 'F', 179),
(679, 'Mesut Ozil.', 'F', 179),
(680, 'Karl Schelenz.', 'V', 179),
(681, 'Armador.', 'F', 180),
(682, 'Pivô.', 'V', 180),
(683, 'Goleiro.', 'F', 180),
(684, 'Ponteiro.', 'F', 180),
(685, 'Armador.', 'F', 181),
(686, 'Pivô.', 'F', 181),
(687, 'Goleiro.', 'V', 181),
(688, 'Ponteiro.', 'F', 181),
(689, 'Armador.', 'V', 182),
(690, 'Pivô.', 'F', 182),
(691, 'Goleiro.', 'F', 182),
(692, 'Ponteiro.', 'F', 182),
(693, 'Armador.', 'F', 183),
(694, 'Pivô.', 'F', 183),
(695, 'Goleiro.', 'F', 183),
(696, 'Ponteiro.', 'V', 183),
(697, 'Armador direita.', 'F', 184),
(698, 'Pivô.', 'F', 184),
(699, 'Armador central.', 'V', 184),
(700, 'Ponteira Esquerda.', 'F', 184),
(701, 'Ponteiro.', 'F', 185),
(702, 'Ala.', 'V', 185),
(703, 'Armador.', 'F', 185),
(704, 'Pivô.', 'F', 185),
(705, 'Passe em pronação.', 'F', 186),
(706, 'Passe de ombro.', 'V', 186),
(707, 'Passe por trás do corpo.', 'F', 186),
(708, 'Passe por trás da cabeça.', 'F', 186),
(709, 'Arremesso.', 'F', 187),
(710, 'Passe.', 'V', 187),
(711, 'Recepção.', 'F', 187),
(712, 'Drible.', 'F', 187),
(713, 'Passe.', 'F', 188),
(714, 'Amortecimento.', 'F', 188),
(715, 'Recepção.', 'V', 188),
(716, 'Finta.', 'F', 188),
(717, 'Controle de Bola.', 'F', 189),
(718, 'Empunhadura.', 'V', 189),
(719, 'Recepção.', 'F', 189),
(720, 'Drible.', 'F', 189),
(721, 'Arremesso.', 'V', 190),
(722, 'Finta.', 'F', 190),
(723, 'Cruzamento.', 'F', 190),
(724, 'Passe.', 'F', 190),
(725, 'Drible.', 'F', 191),
(726, 'Controle de Bola.', 'F', 191),
(727, 'Finta.', 'F', 191),
(728, 'Progressão.', 'V', 191),
(729, 'Finta.', 'F', 192),
(730, 'Drible.', 'V', 192),
(731, 'Batida.', 'F', 192),
(732, 'Empunhadura.', 'F', 192),
(733, 'Passe.', 'F', 193),
(734, 'Finta.', 'V', 193),
(735, 'Cruzamento.', 'F', 193),
(736, 'Arremesso.', 'F', 193),
(737, 'Com o pé direito.', 'F', 194),
(738, 'Com o pé esquerdo.', 'V', 194),
(739, 'Indiferente o pé que inicia as passadas.', 'F', 194),
(740, 'Com ambos os pés.', 'F', 194),
(741, 'Arremesso em suspensão.', 'F', 195),
(742, 'arremesso com finta.', 'V', 195),
(743, 'Arremesso em apoio.', 'F', 195),
(744, 'Arremesso com queda.', 'F', 195),
(745, 'Os braços estão estendidos de maneira que não absorvem o contato com a bola.', 'F', 196),
(746, 'Segurar a bola com as duas mãos.', 'V', 196),
(747, 'Segurar a bola apenas com os dedos.', 'F', 196),
(748, 'A mão não estar em forma de “concha”.', 'F', 196),
(749, 'Perna que vai à frente a mesma do braço de lançamento.', 'F', 197),
(750, 'Não flexionar o pulso.', 'F', 197),
(751, 'Cotovelo na linha do ombro.', 'V', 197),
(752, 'Cotovelo flexionado no momento do passe sem estendê-lo.', 'F', 197),
(753, 'Um passo.', 'F', 198),
(754, 'Dois passos.', 'F', 198),
(755, 'Quatros passos.', 'F', 198),
(756, 'Número ilimitados de passos.', 'V', 198),
(757, 'Driblar a bola pegar na mão e briblar novamente.', 'V', 199),
(758, 'Driblar duas vezes a bola.', 'F', 199),
(759, 'Invadir a área adversária.', 'F', 199),
(760, 'Dar duas passadas com a mesma perna na momento do arremesso.', 'F', 199),
(761, 'Olhos na bola.', 'F', 200),
(762, 'Receber a bola com uma das mãos.', 'V', 200),
(763, 'Ir ao encontro da bola.', 'F', 200),
(764, 'Amortecer ligeiramente os braços para absorver o contato com a bola.', 'F', 200),
(765, ' Perna contrária à do braço do passe deve estar ligeiramente a frente.', 'F', 201),
(766, 'O braço que realizará o passe deve estar flexionado.', 'F', 201),
(767, 'A mesma perna ao braço do passe deve estar ligeiramente a frente.', 'V', 201),
(768, 'Palma da mão apontando para direção do passe com os dedos para cima.', 'F', 201),
(769, 'Alta: acima dos olhos.', 'F', 202),
(770, 'Média: na altura do umbigo.  ', 'F', 202),
(771, 'Baixa: somente bolas junto ao solo.', 'F', 202),
(772, ' Alta: acima da cabeça.', 'V', 202),
(773, 'No momento do arremesso não há nenhum tipo de apoio do arremessador no solo.', 'V', 203),
(774, 'Após a bola ter deixado a mão do arremessador, o mesmo realiza uma queda.', 'F', 203),
(775, 'No momento do arremesso  um dos pés do arremessador ou ambos estejam em contato com o solo.', 'F', 203),
(776, 'Após a bola ter deixado a mão do arremessador, o mesmo realiza um rolamento.', 'F', 203),
(777, 'Arremesso em suspensão.', 'F', 204),
(778, 'Arremesso apoiado.', 'V', 204),
(779, 'Arremesso com queda.', 'F', 204),
(780, 'Arremesso com rolamento.', 'F', 204),
(781, 'Talant Dujshebaev.', 'F', 205),
(782, 'Gabriel Medina.', 'F', 205),
(783, 'Andreï Lavrov.', 'F', 205),
(784, 'Magnus Wislander.', 'V', 205),
(785, 'Marcar mais gols que o adversário.', 'V', 206),
(786, 'Rebater a bola.', 'F', 206),
(787, 'Fazer com que a bola toque no chão adversário.', 'F', 206),
(788, 'Acertar a cesta, fora do garrafão.', 'F', 206),
(789, 'Brasil.', 'F', 207),
(790, 'França.', 'V', 207),
(791, 'Iugoslávia.', 'F', 207),
(792, 'Chile', 'F', 207),
(793, 'Cristina Neagu.', 'F', 208),
(794, 'Fernanda da Silva.', 'F', 208),
(795, 'Alexandra Nascimento.', 'F', 208),
(796, 'Duda Amorim.', 'V', 208),
(797, 'Rádio', 'V', 209),
(798, 'Tíbia', 'F', 209),
(799, 'Fíbula', 'F', 209),
(800, 'Ísqueo', 'F', 209),
(801, 'Pubis', 'F', 210),
(802, 'Fêmur', 'V', 210),
(803, 'Crista ilíaca', 'F', 210),
(804, 'Ísqueo', 'F', 210),
(805, 'Auxilia na sustentação e na portura do corpo', 'F', 211),
(806, 'Protege o sistema nervoso periférico', 'F', 211),
(807, 'Protege os orgão vitais', 'V', 211),
(808, 'Sustenta os músculos dorsais', 'F', 211),
(809, 'Úmero', 'F', 212),
(810, 'Falange', 'F', 212),
(811, 'Frontal', 'F', 212),
(812, 'Adutor', 'V', 212),
(813, '206', 'V', 213),
(814, '216', 'F', 213),
(815, '276', 'F', 213),
(816, '296', 'F', 213),
(817, 'Cervical', 'F', 214),
(818, 'Parietal', 'V', 214),
(819, 'Torácica', 'F', 214),
(820, 'Dorsal', 'F', 214),
(821, '5', 'F', 215),
(822, '6', 'F', 215),
(823, '7', 'V', 215),
(824, '8', 'F', 215),
(825, '15', 'F', 216),
(826, '14', 'F', 216),
(827, '13', 'F', 216),
(828, '12', 'V', 216),
(829, '5', 'V', 217),
(830, '4', 'F', 217),
(831, '6', 'F', 217),
(832, '3', 'F', 217),
(833, '3', 'F', 218),
(834, '4', 'V', 218),
(835, '5', 'F', 218),
(836, '6', 'F', 218),
(837, 'Atlas e Axis', 'F', 219),
(838, 'Sacro e Cóccix', 'F', 219),
(839, 'Lombar e Sacro-Coccígea', 'V', 219),
(840, 'Cervical e Axial', 'F', 219),
(841, 'Protege a medula e os nervos espinhais', 'F', 220),
(842, 'Exerce um papel importante na postura e na locomoção', 'F', 220),
(843, 'Suporta o peso corporal', 'F', 220),
(844, 'Auxilia no processo de respiração', 'V', 220),
(845, 'A escoliose é uma curvatura acentuada na região cervical', 'V', 221),
(846, 'A Hiperlordose é uma curvatura acentuada na região lombar', 'F', 221),
(847, 'A Hipercifose é um desvio postural também conhecido por \"corcunda\"', 'F', 221),
(848, 'A escoliose é uma curvatura em formato de S', 'F', 221),
(849, 'Fêmur', 'F', 222),
(850, 'Ulna', 'V', 222),
(851, 'Tíbia', 'F', 222),
(852, 'Fíbula', 'F', 222),
(853, 'Quadríceps', 'F', 223),
(854, 'Tríceps', 'F', 223),
(855, 'Monóide', 'V', 223),
(856, 'Deltóide', 'F', 223),
(857, 'Adutores', 'F', 224),
(858, 'Abdutores', 'F', 224),
(859, 'Bíceps', 'F', 224),
(860, 'Diafragma', 'V', 224),
(861, 'Estabilização das posições do corpo e postura', 'V', 225),
(862, 'Ajuda o sistema nervoso periférico a funcionar', 'F', 225),
(863, 'Auxilia no processo da pequena circulação', 'F', 225),
(864, 'Protege os principais orgãos vitais', 'F', 225),
(865, 'Dorsal', 'F', 226),
(866, 'Quadríceps', 'V', 226),
(867, 'Bíceps', 'F', 226),
(868, 'Lombares', 'F', 226),
(869, 'Produção dos movimentos corporais', 'F', 227),
(870, 'Produção de calor', 'F', 227),
(871, 'Controlar o volume sistólico', 'V', 227),
(872, 'Movimentação de substâncias dentro do corpo', 'F', 227),
(873, 'Peitoral', 'F', 228),
(874, 'Dorsal', 'F', 228),
(875, 'Bíceps Femoral', 'F', 228),
(876, 'Deltóide', 'V', 228),
(877, 'Peitoral', 'V', 229),
(878, 'Quadríceps', 'F', 229),
(879, 'Glúteo', 'F', 229),
(880, 'Quadrado Lombar', 'F', 229),
(881, 'Diafragma', 'F', 230),
(882, 'Quadríceps', 'V', 230),
(883, 'Tríceps', 'F', 230),
(884, 'Rombóides', 'F', 230),
(885, 'Gastrocnêmio', 'F', 231),
(886, 'Flexores do dedo', 'F', 231),
(887, 'Trapézio', 'V', 231),
(888, 'Abdutores', 'F', 231),
(889, 'Adutores', 'F', 232),
(890, 'Rombóides', 'F', 232),
(891, 'Vasto Lateral', 'F', 232),
(892, 'Bíceps', 'V', 232),
(893, 'Dorsal', 'V', 233),
(894, 'Glúteo', 'F', 233),
(895, 'Vasto Medial', 'F', 233),
(896, 'Abdome', 'F', 233),
(897, 'Quadríceps', 'F', 234),
(898, 'Bíceps Femoral', 'V', 234),
(899, 'Tríceps', 'F', 234),
(900, 'Coifa dos Rotadores', 'F', 234),
(901, 'Abdomem', 'F', 235),
(902, 'Lombares', 'F', 235),
(903, 'Tríceps', 'V', 235),
(904, 'Peitoral', 'F', 235),
(905, 'Trapézio', 'F', 236),
(906, 'Coifa dos Rotadores', 'F', 236),
(907, 'Dorsal', 'F', 236),
(908, 'Abdome', 'V', 236),
(909, 'Bíceps', 'V', 237),
(910, 'Oblíquo interno', 'F', 237),
(911, 'Lombares', 'F', 237),
(912, 'Semitendinoso', 'F', 237),
(913, 'Reto Femoral', 'F', 238),
(914, 'Dorsal', 'V', 238),
(915, 'Vasto Lateral', 'F', 238),
(916, 'Gastrocnêmio', 'F', 238),
(917, 'Vasto Medial', 'F', 239),
(918, 'Vasto Lateral', 'F', 239),
(919, 'Vasto Frontal', 'V', 239),
(920, 'Reto Femoral', 'F', 239),
(921, '2 - Superior e Inferior', 'F', 240),
(922, '4 - Superior, Inferior, Externo e Interno', 'F', 240),
(923, 'Não possui divisão', 'F', 240),
(924, '3 - Superior, Médio e Inferior', 'V', 240),
(925, '3 - Anterior, Médio e Posterior', 'V', 241),
(926, '3 - Superior, Médio e Inferior', 'F', 241),
(927, '2 - Interno e Externo', 'F', 241),
(928, '2 - Grande e Pequeno', 'F', 241),
(929, 'Pescoço', 'F', 242),
(930, 'Panturrilha', 'V', 242),
(931, 'Peito', 'F', 242),
(932, 'Pé', 'F', 242),
(933, 'Obliquo externo', 'F', 243),
(934, 'Lombares', 'F', 243),
(935, 'Peito', 'V', 243),
(936, 'Adutores', 'F', 243),
(937, 'Gêmeos', 'F', 244),
(938, 'Rombóides', 'F', 244),
(939, 'Trapézio', 'F', 244),
(940, 'Quadríceps', 'V', 244),
(941, 'Deltóide', 'V', 245),
(942, 'Abdutores', 'F', 245),
(943, 'Diadragma', 'F', 245),
(944, 'Transverso Abdominal', 'F', 245),
(945, 'Semimembranoso', 'F', 246),
(946, 'Tríceps', 'V', 246),
(947, 'Semitendinoso', 'F', 246),
(948, 'Lombares', 'F', 246),
(949, 'Abdome', 'F', 247),
(950, 'Flexores do dedo', 'F', 247),
(951, 'Rombóides', 'V', 247),
(952, 'Peitoral', 'F', 247),
(953, 'Tríceps', 'F', 248),
(954, 'Trapézio', 'F', 248),
(955, 'Deltóide', 'F', 248),
(956, 'Glúteo', 'V', 248),
(957, 'Peitoral', 'V', 249),
(958, 'Trapézio', 'F', 249),
(959, 'Dorsal', 'F', 249),
(960, 'Lombar', 'F', 249),
(961, 'Deltóide', 'F', 250),
(962, 'Quadríceps', 'V', 250),
(963, 'Rombóides', 'F', 250),
(964, 'Coifa dos Rotadores', 'F', 250),
(965, 'Longos', 'F', 251),
(966, 'Curtos', 'F', 251),
(967, 'Retos', 'V', 251),
(968, 'Irregulares', 'F', 251),
(969, 'Crânio, Caixa torácica e Coluna vertebral', 'F', 252),
(970, 'Cintura pélvica e escapular', 'F', 252),
(971, 'Cartilagens e articulações', 'F', 252),
(972, 'Extremidades superiores e inferiores e as cinturas', 'V', 252),
(973, 'Articulação', 'V', 253),
(974, 'Músculo', 'F', 253),
(975, 'Cartilagens', 'F', 253),
(976, 'Ligamentos', 'F', 253),
(977, 'Joelho', 'F', 254),
(978, 'Antebraço', 'V', 254),
(979, 'Coluna Vertebral', 'F', 254),
(980, 'Cotovelo', 'F', 254),
(981, 'É toda atividade com dispêndio calórico acima dos níveis de repouso', 'F', 255),
(982, 'É toda atividade física planejada e com objetivo definido', 'F', 255),
(983, 'É tudo aquilo que pode ser treinado no nosso corpo', 'V', 255),
(984, 'É conseguir realizar atividades do cotidiano com disposição', 'F', 255),
(985, 'Equilíbrio', 'F', 256),
(986, 'Agilidade', 'F', 256),
(987, 'Coordenação', 'F', 256),
(988, 'Alongamento', 'V', 256),
(989, 'É a capacidade de realizar movimentos em certas articulações com apropriada amplitude de movimento', 'V', 257),
(990, 'É a capacidade de estender a musculatura até níveis apropriados a saúde', 'F', 257),
(991, 'É a capacidade de elevar o tônus muscular e articular até patamares adequados', 'F', 257),
(992, 'É a capacidade de produzir movimentos com pouca amplitude articular e muita amplitude muscular', 'F', 257),
(993, 'Resistência Estática', 'F', 258),
(994, 'Resistência Muscular Localizada', 'V', 258),
(995, 'Resistência de Velocidade', 'F', 258),
(996, 'Resistência Geral', 'F', 258),
(997, 'Geral e Específica', 'F', 259),
(998, 'Centrífuga e Centrípeta', 'F', 259),
(999, 'Deslocamento e Reação', 'V', 259),
(1000, 'Dinâmica e Constante', 'F', 259),
(1001, 'Composição corporal', 'F', 260),
(1002, 'Frequência Cardíaca', 'F', 260),
(1003, 'Força', 'V', 260),
(1004, 'Saltos', 'F', 260),
(1005, 'Não existe diferença', 'F', 261),
(1006, 'A flexibilidade está relacionada aos atletas e o alongamento aos não atletas', 'F', 261),
(1007, 'A flexibilidade está relacionada com exercícios aeróbicos e os alongamentos com anaeróbicos', 'F', 261),
(1008, 'A flexibilidade está relacionada com as articulações e o alongamento com a musculatura', 'V', 261),
(1009, 'O tempo de esforço físico muscular na resistência aeróbica é maior ', 'V', 262),
(1010, 'Na resistência aeróbica conseguimos produzir mais força que na anaeróbica', 'F', 262),
(1011, 'Na resistência anaeróbica conseguimos ter uma frequência cardíaca constante, o que não é possível na aeróbica', 'F', 262),
(1012, 'A intensidade do exercício é semelhante nos dois tipos de resistência, porém o volume da aeróbica é muito maior', 'F', 262),
(1013, 'Especificidade', 'F', 263),
(1014, 'Individualidade', 'V', 263),
(1015, 'Relação Volume-Intesidade', 'F', 263),
(1016, 'Sobrecarga', 'F', 263),
(1017, 'Reversibilidade', 'F', 264),
(1018, 'Continuidade', 'F', 264),
(1019, 'Adaptação', 'V', 264),
(1020, 'Sobrecarga', 'F', 264),
(1021, 'Relação Volume-Intensidade', 'F', 265),
(1022, 'Adaptação', 'F', 265),
(1023, 'Reversibilidade', 'F', 265),
(1024, 'Especificidade', 'V', 265),
(1025, 'Sobrecarga', 'V', 266),
(1026, 'Adaptação', 'F', 266),
(1027, 'Especificidade', 'F', 266),
(1028, 'Individualidade', 'F', 266),
(1029, 'Relação Volume-Intensidade', 'F', 267),
(1030, 'Continuidade', 'V', 267),
(1031, 'Individualidade', 'F', 267),
(1032, 'Sobrecarga', 'F', 267),
(1033, 'Reversibilidade', 'F', 268),
(1034, 'Relação Volume-Intensidade', 'F', 268),
(1035, 'Instabilidade', 'V', 268),
(1036, 'Variabilidade', 'F', 268),
(1037, 'Emagrecer', 'F', 269),
(1038, 'Limpeza do sistema linfático', 'F', 269),
(1039, 'Funcionamento do sistema circulatório', 'F', 269),
(1040, 'Controle da temperatura corporal', 'V', 269),
(1041, 'Bebidas Hidroeletrolíticas', 'V', 270),
(1042, 'Bebidas Energéticas', 'F', 270),
(1043, 'Bebidas Isotônicas', 'F', 270),
(1044, 'Água', 'F', 270),
(1045, 'Aumento da frequência cardíaca', 'F', 271),
(1046, 'Enrijecimento das articulações', 'V', 271),
(1047, 'Fadiga prematura', 'F', 271),
(1048, 'Elevada temperatura corporal', 'F', 271),
(1049, '30 minutos', 'F', 272),
(1050, '60 minutos', 'F', 272),
(1051, '15 minutos', 'V', 272),
(1052, '5 minutos', 'F', 272),
(1053, 'Doenças respiratórias', 'F', 273),
(1054, 'Problemas articulares', 'F', 273),
(1055, 'Excesso de ácido úrico', 'F', 273),
(1056, 'Elevada gordura corporal', 'V', 273),
(1057, 'Hiponatremia', 'V', 274),
(1058, 'Hipotireoidismo', 'F', 274),
(1059, 'Hipocondria', 'F', 274),
(1060, 'Hipoglicemia', 'F', 274),
(1061, 'Bulimia nervosa', 'F', 275),
(1062, 'Anorexia', 'V', 275),
(1063, 'Compulsão alimentar', 'F', 275),
(1064, 'Vigorexia', 'F', 275),
(1065, 'Comer grande quantidade de comida em curto espaço de tempo', 'F', 276),
(1066, 'autoestima e valor é baseado pela sua forma corporal e peso', 'F', 276),
(1067, 'Peso corporal abaixo do indicado para a saúde', 'V', 276),
(1068, 'Livrar-se das calorias que comeu através de laxantes ou indução ao vômito', 'F', 276),
(1069, 'Proteínas', 'F', 277),
(1070, 'Lipídios', 'F', 277),
(1071, 'Vegetais', 'F', 277),
(1072, 'Carboidratos', 'V', 277),
(1073, 'Proteínas e Carboidratos', 'V', 278),
(1074, 'Carboidratos e Lipídios', 'F', 278),
(1075, 'Proteínas e Lipídios', 'F', 278),
(1076, 'Carboidratos e Frutas', 'F', 278),
(1077, 'Não existe diferença pois ambos são para aumento da massa muscular', 'F', 279),
(1078, 'Os suplementos são extraídos de alimentos para completar a dieta e os anabolizantes são feitos a partir de hormônios', 'V', 279),
(1079, 'Os suplementos servem para o aumento da secção transversal do músculo enquanto os hormônios servem para aumentar o volume da musculatura', 'F', 279),
(1080, 'Apenas os anabolizantes podem causar problemas a saúde', 'F', 279),
(1081, 'Infertilidade', 'F', 280),
(1082, 'Hipertensão', 'F', 280),
(1083, 'Asma', 'V', 280),
(1084, 'Câncer de fígado', 'F', 280),
(1085, 'Hidroginástica pois estar no meio aquático e diminuir a pressão sobre as articulações', 'F', 281),
(1086, 'Natação em ambientes fechados pois ela deve fazer exercícios em ambientes úmidos', 'F', 281),
(1087, 'Atividade física do seu gosto pois ela deve aumentar o nível de sertonina no organismo', 'F', 281),
(1088, 'Corridas ou caminhadas pois ela precisa de exercícios que proporcionem situações de impacto ', 'V', 281),
(1089, 'Menarca precoce', 'V', 282),
(1090, 'Tabagismo', 'F', 282),
(1091, 'Consumo abusivo de álcool', 'F', 282),
(1092, 'Etnia negra', 'F', 282),
(1093, 'Câncer de cólon', 'F', 283),
(1094, 'Pneumonia', 'V', 283),
(1095, 'Osteoporose', 'F', 283),
(1096, 'Fibromialgia', 'F', 283),
(1097, 'Carboidrato', 'F', 284),
(1098, 'Aminoacidos', 'F', 284),
(1099, 'Gordura', 'V', 284),
(1100, 'Esteróides', 'F', 284),
(1101, 'Nenhum', 'F', 285),
(1102, 'Diabetes gestacional', 'F', 285),
(1103, 'Diabetes tipo 1', 'F', 285),
(1104, 'Diabetes tipo 2', 'V', 285),
(1105, 'Aumento da pressão arterial', 'F', 286),
(1106, 'Elevação do número de batimentos cardíacos.', 'F', 286),
(1107, 'Diminuição do número de batimentos cardíacos.', 'V', 286),
(1108, 'Não há consequência em realizar treinos aeróbicos.', 'F', 286),
(1109, 'Transportar o sangue do coração aos órgãos', 'V', 287),
(1110, 'Transportar o sangue dos órgãos até o coração', 'F', 287),
(1111, 'Não há função definida para as artérias', 'F', 287),
(1112, 'Artéria e veias, são sinônimos e têm a mesma função', 'F', 287),
(1113, 'Transportar o sangue do coração aos órgãos.', 'F', 288),
(1114, 'Transportar o sangue dos órgãos até o coração.', 'V', 288),
(1115, 'Não há função definida para as artérias.', 'F', 288),
(1116, 'Artéria e veias, são sinônimos e têm a mesma função.', 'F', 288),
(1117, 'Índice de massa corporal', 'F', 289),
(1118, 'Ressonância Magnética', 'F', 289),
(1119, 'Dobras cutâneas', 'F', 289),
(1120, 'Dissecação de cadáver', 'V', 289),
(1121, 'Dexa', 'F', 290),
(1122, 'Dissecação de cadáver', 'F', 290),
(1123, 'Antropometria', 'V', 290),
(1124, 'Pesagem hidrostática', 'F', 290),
(1125, 'Doenças renais', 'F', 291),
(1126, 'Doenças pulmonares', 'F', 291),
(1127, 'Doenças neurológicas', 'F', 291),
(1128, 'Doenças coronarianas', 'V', 291),
(1129, 'Aids', 'F', 292),
(1130, 'Hipertensão', 'V', 292),
(1131, 'Cirrose', 'F', 292),
(1132, 'Câncer de pele', 'F', 292),
(1133, 'Perder peso é diminuir peso na balança, emagrecer é perder gordura corporal.', 'V', 293),
(1134, 'Perder peso é diminuiro a gordura corporal, emagrecer é diminuir peso na balança.', 'F', 293),
(1135, 'Perder peso e emagrecer são sinônimos.', 'F', 293),
(1136, 'Perder peso é diminuir líquidos corporais e emagrecer é diminuir a massa corporal.', 'F', 293),
(1137, 'Abaixo de 17,5kg/m2.', 'F', 294),
(1138, 'Abaixo de 20,0kg/m2.', 'F', 294),
(1139, 'Abaixo de 18,5kg/m2.', 'V', 294),
(1140, 'Abaixo de 24,4kg/m2.', 'F', 294),
(1141, 'Normal', 'F', 295),
(1142, 'Desnutrido', 'F', 295),
(1143, 'Sobrepeso', 'V', 295),
(1144, 'Obesidade', 'F', 295),
(1145, 'A minha frequência cardíaca tende a diminuir toda vez que faço um aquecimento específico', 'F', 296),
(1146, 'A frequência cardíaca não serve como um indicador de estado de saúde cardiovascular', 'F', 296),
(1147, 'A frequência cardíaca de repouso de um maratonista será maior que a de um não atleta', 'F', 296),
(1148, 'A minha frequência cardíaca em repouso tende a diminuir se eu praticar exercícios físicos de longa duração e intensidade moderada', 'V', 296);
INSERT INTO `resposta` (`ID_RESPOSTA`, `RESPOSTA`, `TIPO`, `ID_PERGUNTA`) VALUES
(1149, 'Aumento do ventrículo esquerdo elevando o volume sistólico e consequentemente diminuindo a frequência cardíaca em repouso', 'V', 297),
(1150, 'Aumento do volume muscular dos membros superiores e inferiores', 'F', 297),
(1151, 'Aumento no ganho de produção de força pura ', 'F', 297),
(1152, 'Aumento na flexibilidade ', 'F', 297),
(1153, 'Aids', 'F', 298),
(1154, 'Cirrose', 'F', 298),
(1155, 'Diabetes tipo 2', 'F', 298),
(1156, 'Osteoporose', 'V', 298),
(1157, 'Indução de Massa Coronariana', 'F', 299),
(1158, 'Índice de Massa Corporal', 'V', 299),
(1159, 'Instrumento de Meio Calórico', 'F', 299),
(1160, 'Instrumento de Medida do Corpo', 'F', 299),
(1161, 'Pedômetros', 'F', 300),
(1162, 'Acelerômetros', 'F', 300),
(1163, 'Espectofotômetro', 'V', 300),
(1164, 'Diários', 'F', 300),
(1165, 'Calorimetria Indireta', 'F', 301),
(1166, 'Água duplamente marcada', 'F', 301),
(1167, 'Questionários', 'F', 301),
(1168, 'Frequência cardíaca', 'V', 301),
(1169, '10 mil passos', 'V', 302),
(1170, '100 mil passos', 'F', 302),
(1171, '5 mil passos', 'F', 302),
(1172, '1000 passos', 'F', 302),
(1173, '200 minutos', 'F', 303),
(1174, '300 minutos', 'V', 303),
(1175, '60 minutos  ', 'F', 303),
(1176, '150 minutos', 'F', 303),
(1177, '15 minutos por dia de atividade física vigorosa, 2 vezes na semana', 'F', 304),
(1178, '20 minutos por dia de atividade física vigorosa, pelo menos 3 vezes na semana', 'V', 304),
(1179, '60 minutos por dia de atividade física vigorsa, 5 vezes na semana', 'F', 304),
(1180, '45 minutos por dia de atividade física vigorosa, 3 vezes na semana', 'F', 304),
(1181, '100 minutos', 'F', 305),
(1182, '30 minutos', 'F', 305),
(1183, '200 minutos', 'F', 305),
(1184, '150 minutos', 'V', 305),
(1185, '... exercício físico', 'F', 306),
(1186, '... aptidão física', 'V', 306),
(1187, '... atividade física', 'F', 306),
(1188, '... musculação', 'F', 306),
(1189, '... exercício físico', 'V', 307),
(1190, '... aptidão física', 'F', 307),
(1191, '... atividade física', 'F', 307),
(1192, '... musculação', 'F', 307),
(1193, '... exercício físico', 'F', 308),
(1194, '... aptidão física', 'F', 308),
(1195, '... atividade física', 'V', 308),
(1196, '... musculação', 'F', 308),
(1197, '3 segundos', 'F', 309),
(1198, '4 segundos.', 'V', 309),
(1199, '5 segundos.', 'F', 309),
(1200, '6 segundos.', 'F', 309),
(1201, '4 faltas', 'F', 310),
(1202, '5 faltas', 'F', 310),
(1203, '6 faltas', 'V', 310),
(1204, '7 faltas', 'F', 310),
(1205, 'Não pode repôr.', 'F', 311),
(1206, '1 minuto.', 'F', 311),
(1207, '2 minutos.', 'V', 311),
(1208, '3 minutos.', 'F', 311),
(1209, '18 metros x 9 metros.', 'F', 312),
(1210, '28 metros x 12 metros.', 'F', 312),
(1211, '50 metros x 18 metros.', 'F', 312),
(1212, '40 metros x 20 metros.', 'V', 312),
(1213, 'Dois períodos cronometrados de 20 minutos.', 'V', 313),
(1214, 'Dois períodos cronometrados de 15 minutos.', 'F', 313),
(1215, 'Dois períodos sem cronometragem de 30 minutos.', 'F', 313),
(1216, 'Dois períodos de 20 minutos com cronometragem apenas nos últimos dois minutos de cada período', 'F', 313),
(1217, 'Um árbitro principal, dois árbitros auxiliares e um cronometrista.', 'F', 314),
(1218, 'Um árbitro principal, um árbitro auxiliar, um anotador e um cronometrista.', 'V', 314),
(1219, 'Dois árbitros principais e um anotador.', 'F', 314),
(1220, 'Um árbitro principal, um bandeirinha, um anotador e um cronometrista.', 'F', 314),
(1221, 'A bola atravessar pelo alto as linhas laterais ou de meta.', 'F', 315),
(1222, 'A partida for interrompida pelo árbitro.', 'F', 315),
(1223, 'A bola tocar no árbitro dentro da quadra.', 'V', 315),
(1224, 'A bola bater na tabela de basquetebol.', 'F', 315),
(1225, 'Impedir que o goleiro lance a bola com as mãos.', 'V', 316),
(1226, 'Empurrar o adversário.', 'F', 316),
(1227, 'Trancar o adversário com o ombro.', 'F', 316),
(1228, 'Tocar a bola com a mão não estando na posição de goleiro.', 'F', 316),
(1229, '6 metros', 'F', 317),
(1230, '10 metros', 'V', 317),
(1231, '7 metros', 'F', 317),
(1232, '12 metros', 'F', 317),
(1233, '3 substituições.', 'F', 318),
(1234, '5 substituições.', 'F', 318),
(1235, '6 substituições.', 'F', 318),
(1236, 'Sem limite de substituições.', 'V', 318),
(1237, 'Pé sobre a linha e bola rolando.', 'F', 319),
(1238, 'Pé e bola fora da quadra.', 'V', 319),
(1239, 'Pé e bola dentro da quadra.', 'F', 319),
(1240, 'Pé dentro e bola fora da quadra.', 'F', 319),
(1241, '2 metros x 3 metros.', 'V', 320),
(1242, '2,5 metros x 3,5 metros.', 'F', 320),
(1243, '2,2 metros x 3,1 metros.', 'F', 320),
(1244, '3 metros x 3,5 metros.', 'F', 320),
(1245, '7 jogadores.', 'F', 321),
(1246, '6 jogadores.', 'F', 321),
(1247, '5 jogadores.', 'V', 321),
(1248, '4 jogadores.', 'F', 321),
(1249, '2 jogadores.', 'F', 322),
(1250, '3 jogadores.', 'V', 322),
(1251, '4 jogadores.', 'F', 322),
(1252, '5 jogadores.', 'F', 322),
(1253, 'O jogador pode ser substituído durante os pedidos de tempo técnico.', 'F', 323),
(1254, 'A zona de substituição fica em frente a mesa do anotador.', 'F', 323),
(1255, 'O jogador que está entrando recebe cartão amarelo se ingressar na quadra antes do substituído sair.', 'V', 323),
(1256, 'O jogador deverá sempre avisar o anotador antes de realizar a substituição.', 'F', 323),
(1257, 'Após a bola ultrapassar o meio da quadra.', 'F', 324),
(1258, 'Após a bola tocar em um adversário.', 'V', 324),
(1259, 'Após o quinto toque da sua equipe na bola.', 'F', 324),
(1260, 'Após um pedido de tempo técnico.', 'F', 324),
(1261, 'Após o goleiro ultrapassar o meio da quadra e o recuo ser feito com qualquer parte do corpo superior ao joelho exceto membros superiores', 'F', 325),
(1262, 'Após a bola ultrapassar o meio da quadra e o recuo ser feito exclusivamente com os membros inferiores.', 'F', 325),
(1263, 'Após a bola tocar no adversário e o recuo ser feito com qualquer parte do corpo superior ao joelho exceto membros superiores', 'V', 325),
(1264, 'Após a substituição por um goleiro linha o recuo ser feito exclusivamente com os membros inferiores.', 'F', 325),
(1265, 'Escanteio.', 'V', 326),
(1266, 'Lateral.', 'F', 326),
(1267, 'Tiro Livre Indireto.', 'F', 326),
(1268, 'Arremesso de meta.', 'F', 326),
(1269, '5 metros.', 'F', 327),
(1270, '6 metros.', 'V', 327),
(1271, '7 metros.', 'F', 327),
(1272, '9 metros.', 'F', 327),
(1273, 'Jogar perigosamente sem contato físico.', 'F', 328),
(1274, 'Obstruir intencionalmente um adversário.', 'F', 328),
(1275, 'Enganar o adversário através de expressão vocal para receber a bola.', 'F', 328),
(1276, 'Praticar qualquer jogada, sem visar o adversário, mas involuntariamente atingí-lo.', 'V', 328),
(1277, '1 jogadores.', 'F', 329),
(1278, '2 jogadores.', 'F', 329),
(1279, '3 jogadores.', 'V', 329),
(1280, '4 jogadores.', 'F', 329),
(1281, 'A afirmativa define o conceito de técnica no futsal.', 'V', 330),
(1282, 'A afirmativa define o conceito de tática no futsal.', 'F', 330),
(1283, 'A afirmativa define o conceito de condicionamento físico no futsal.', 'F', 330),
(1284, 'A afirmativa define o conceito de manobras ofensivas no futsal.', 'F', 330),
(1285, 'Passe.', 'F', 331),
(1286, 'Recepção de bola.', 'F', 331),
(1287, 'Marcação zona.', 'V', 331),
(1288, 'Finta.', 'F', 331),
(1289, 'Passe.', 'V', 332),
(1290, 'Condução de bola.', 'F', 332),
(1291, 'Drible.', 'F', 332),
(1292, 'Chute.', 'F', 332),
(1293, 'Passe curto.', 'F', 333),
(1294, 'Passe de peito.', 'F', 333),
(1295, 'Passe por elevação.', 'F', 333),
(1296, 'Passe de craque.', 'V', 333),
(1297, 'Parte externa do pé.', 'F', 334),
(1298, 'Parte interna do pé.', 'V', 334),
(1299, 'Dorso do pé.', 'F', 334),
(1300, 'Ponta do pé.', 'F', 334),
(1301, 'Passe longo.', 'F', 335),
(1302, 'Passe de bate-pronto.', 'F', 335),
(1303, 'Passe de gancho.', 'V', 335),
(1304, 'Passe de bico.', 'F', 335),
(1305, 'É a forma mais comum e mais eficiente de finalização das jogadas ofensivas no futsal.', 'V', 336),
(1306, 'É a habilidade de manter a bola sob controle.', 'F', 336),
(1307, 'É a capacidade de ludibriar o adversário com a posse da bola.', 'F', 336),
(1308, 'É a habilidade de enviar a bola com precisão para o companheiro de equipe.', 'F', 336),
(1309, 'Chute de bico.', 'F', 337),
(1310, 'Chute de voleio.', 'V', 337),
(1311, 'Chute de peito de pé.', 'F', 337),
(1312, 'Chute de lado de pé.', 'F', 337),
(1313, 'Peito do pé.', 'F', 338),
(1314, 'Parte interna do pé.', 'F', 338),
(1315, 'Parte externa do pé.', 'F', 338),
(1316, 'Sola do pé.', 'V', 338),
(1317, 'Condução de bola', 'V', 339),
(1318, 'Drible.', 'F', 339),
(1319, 'Finta.', 'F', 339),
(1320, 'Recepção de bola.', 'F', 339),
(1321, 'Sola do pé.', 'F', 340),
(1322, 'Parte externa do pé.', 'V', 340),
(1323, 'Parte interna do pé.', 'F', 340),
(1324, 'Ponta do pé.', 'F', 340),
(1325, 'Ponta do pé.', 'F', 341),
(1326, 'Parte interna do pé.', 'F', 341),
(1327, 'Sola do pé.', 'V', 341),
(1328, 'Parte externa do pé.', 'F', 341),
(1329, 'A finta exige a presença de outros companheiros na jogada e o drible não.', 'F', 342),
(1330, 'O drible é um fundamento técnico e a finta um fundamento tático.', 'F', 342),
(1331, 'A finta é realizada para uma jogada ensaiada e o drible não.', 'F', 342),
(1332, 'O drible é realizado com a bola e a finta não.', 'V', 342),
(1333, 'Fundamento técnico.', 'V', 343),
(1334, 'Fundamento tático.', 'F', 343),
(1335, 'Capacidade técnica.', 'F', 343),
(1336, 'Manobra tática.', 'F', 343),
(1337, 'Coxa.', 'F', 344),
(1338, 'Canela.', 'V', 344),
(1339, 'Peito.', 'F', 344),
(1340, 'Cabeça.', 'F', 344),
(1341, 'O cabeceio será feito com parte superior da cabeça.', 'F', 345),
(1342, 'O cabeceio será feito com a parte lateral da cabeça.', 'F', 345),
(1343, 'O cabeceio será feito com a parte frontal da cabeça.', 'V', 345),
(1344, 'O cabeceio será feito com os olhos fechados para evitar lesões.', 'F', 345),
(1345, 'Não ficar com o olho fixo na bola.', 'F', 346),
(1346, 'Estar equilibrado e a uma distância segura do oponente.', 'F', 346),
(1347, 'Aproximar-se do oponente no momento do desarme.', 'F', 346),
(1348, 'Acompanhar o adversário, independente do sistema de marcação adotado pela equipe.', 'V', 346),
(1349, 'Lançamento.', 'V', 347),
(1350, 'Espalmada.', 'F', 347),
(1351, 'Encaixe.', 'F', 347),
(1352, 'Saída de gol.', 'F', 347),
(1353, 'Queda lateral e pegada.', 'F', 348),
(1354, 'Passe e recepção.', 'V', 348),
(1355, 'Saída de gol e fechada de ângulo.', 'F', 348),
(1356, 'Lançamento e salto.', 'F', 348),
(1357, 'O esquema é a forma adotada por uma equipe para marcar seu adversário.', 'F', 349),
(1358, 'O esquema são movimentações ofensivas para ludibriar o adversário.', 'F', 349),
(1359, 'O esquema é uma síntese da tática ofensiva e defensiva adotada pela equipe.', 'V', 349),
(1360, 'O esquema são jogadas ensaiadas realizadas pela equipe.', 'F', 349),
(1361, 'Marcação zona.', 'F', 350),
(1362, 'Marcação em Y.', 'F', 350),
(1363, 'Marcação mista.', 'F', 350),
(1364, 'Marcação em H.', 'V', 350),
(1365, 'Prioriza o acompanhamento do adversário independente do local da quadra em que ele se encontra.', 'V', 351),
(1366, 'Entende que é preciso marcar um jogador de maneira individual, normalmente o melhor jogador da equipe adversária.', 'F', 351),
(1367, 'Busca equilibrar as ações de jogo diminuindo o tamanho da quadra nas ações de defesa.', 'F', 351),
(1368, 'Inicia sua marcação sempre após o meio da quadra para facilitar o acompanhamento dos adversários.', 'F', 351),
(1369, 'Marcação mista.', 'F', 352),
(1370, 'Marcação zona.', 'V', 352),
(1371, 'Marcação individual.', 'F', 352),
(1372, 'Marcação com coberturas.', 'F', 352),
(1373, 'Marcação zona na linha 3.', 'F', 353),
(1374, 'Marcação zona na linha 1.', 'F', 353),
(1375, 'Marcação individual na linha 2.', 'V', 353),
(1376, 'Marcação individual na linha 4.', 'F', 353),
(1377, 'São as linhas pintadas de marcação em toda extensão da quadra.', 'F', 354),
(1378, 'São as linhas pintadas apenas na quadra defensiva da quadra.', 'F', 354),
(1379, 'São as linhas do gol que devem ser defendidas para não sofrer o gol.', 'F', 354),
(1380, 'São as linhas imaginárias que definem onde iniciam as ações de marcação de uma equipe.', 'V', 354),
(1381, 'A linha um de marcação é correspondente a uma marcação pressão.', 'V', 355),
(1382, 'A linha três é a mais usada para a marcação individual.', 'F', 355),
(1383, 'A linha dois é a mais usada para marcação zona.', 'F', 355),
(1384, 'A linha de marcação quatro corresponde a uma marcação meia pressão.', 'F', 355),
(1385, 'Losango.', 'F', 356),
(1386, 'Redondo.', 'V', 356),
(1387, 'Quadrante.', 'F', 356),
(1388, 'Triângulo.', 'F', 356),
(1389, 'Quando sua equipe está atrás no placar.', 'F', 357),
(1390, 'Quando a equipe adversária estiver com bons passadores.', 'F', 357),
(1391, 'Quando a sua equipe estiver com um jogador a menos.', 'V', 357),
(1392, 'Quando a equipe adversária estiver com bons finalizadores.', 'F', 357),
(1393, 'Não existe marcação mista no futsal.', 'F', 358),
(1394, 'Marcação quadrado.', 'F', 358),
(1395, 'Marcação do ala oposto.', 'F', 358),
(1396, 'Marcação Y', 'V', 358),
(1397, '2x2', 'V', 359),
(1398, '2x1x1', 'F', 359),
(1399, '3x1', 'F', 359),
(1400, '4x0', 'F', 359),
(1401, 'O sistema 2x1x1 posiciona os jogadores na forma de Y', 'F', 360),
(1402, 'O sistema 4x0 é o mais moderno e adequado para as quadras grandes', 'V', 360),
(1403, 'O sistema 3x1 apresenta a proposta de jogar sem um pivô de referência', 'F', 360),
(1404, 'O sistema 2x2 também é chamado de padrão de ala', 'F', 360),
(1405, 'Manobras ofensivas são movimentações ofensivas oriundas de um padrão de jogo visando aumentar as opções de ataque ', 'F', 361),
(1406, 'Padrão de jogo são movimentações e trocas de posições de forma planejada com um considerável nível de liberdade para criatividade', 'F', 361),
(1407, 'Volume de jogo é a capacidade que uma equipe possui de modificar de padrão de jogo durante a partida.', 'V', 361),
(1408, 'Jogadas ensaiadas são movimentações e trocas de posições de forma planejada com pouco nível de liberdade para criatividade', 'F', 361),
(1409, 'Padrão 8 ou de ala', 'F', 362),
(1410, 'Padrão redondo', 'F', 362),
(1411, 'Padrão Troca ala-pivô', 'F', 362),
(1412, 'Padrão quadrado', 'V', 362),
(1413, 'Padrão troca ala-pivô', 'V', 363),
(1414, 'Padrão invertido', 'F', 363),
(1415, 'Padrão em X', 'F', 363),
(1416, 'Padrão 8 por trás', 'F', 363),
(1417, 'Padrão invertido', 'F', 364),
(1418, 'Padrão com 4', 'V', 364),
(1419, 'Padrão 8 por trás', 'F', 364),
(1420, 'Padrão de ala', 'F', 364),
(1421, 'Movimento realizado com três jogadores, em que o passe e o deslocamento acontecem para a lateral oposta', 'V', 365),
(1422, 'Movimento realizado com três jogadores, em que o passe e o deslocamento acontecem para a lateral oposta, porém o deslocamento é feito por trás', 'F', 365),
(1423, 'Movimento realizado com quatro jogadores, em que o passe ocorre para a lateral oposta e o deslocamento para a mesma lateral onde se encontra', 'F', 365),
(1424, 'Movimento realizado com quatro jogadores, não existindo um movimento repetido sistematicamente e sim uma variação de movimentos', 'F', 365),
(1425, 'Padrão de ala e padrão de 8 por trás', 'F', 366),
(1426, 'Padrão cruzado e troca ala-pivô', 'F', 366),
(1427, 'Padrão pelo meio e padrão redondo', 'V', 366),
(1428, 'Padrão invertido e padrão em X', 'F', 366),
(1429, 'Quando precisam ficar mais tempo com a bola', 'F', 367),
(1430, 'Quando estão com um jogador a menos, equilibrando assim o número de jogadores na linha', 'F', 367),
(1431, 'Quando a sua equipe está com um jogador a mais, aumentando ainda mais a possibilidade de chegar ao gol', 'F', 367),
(1432, 'Quando precisam pressionar o adversário pois estão atrás no placar', 'V', 367),
(1433, 'Padrão troca ala-pivô', 'V', 368),
(1434, 'Padrão pelo meio', 'F', 368),
(1435, 'Padrão pelas alas', 'F', 368),
(1436, 'Padrdão redondo', 'F', 368),
(1437, '20', 'F', 369),
(1438, '30', 'V', 369),
(1439, '40', 'F', 369),
(1440, '10', 'F', 369),
(1441, 'Argentina', 'F', 370),
(1442, 'Inglaterra', 'F', 370),
(1443, 'Uruguai', 'V', 370),
(1444, 'Espanha', 'F', 370),
(1445, 'Sempre foi Futsal', 'F', 371),
(1446, 'Futebol indoor', 'F', 371),
(1447, 'Futebol coberto', 'F', 371),
(1448, 'Futebol de Salão', 'V', 371),
(1449, 'São Paulo', 'V', 372),
(1450, 'Rio Grande do Sul', 'F', 372),
(1451, 'Ceará', 'F', 372),
(1452, 'Rio de Janeiro', 'F', 372),
(1453, 'Exército', 'F', 373),
(1454, 'Associação Cristã de Moços', 'V', 373),
(1455, 'Confederação Brasileira de Futebol', 'F', 373),
(1456, 'Comitê Olímpico Brasileiro', 'F', 373),
(1457, '30', 'F', 374),
(1458, '40', 'F', 374),
(1459, '50', 'V', 374),
(1460, '60', 'F', 374),
(1461, 'FIFA - Federação  Internacional de Futebol', 'F', 375),
(1462, 'CBF - Confederação Brasileira de Futebol', 'F', 375),
(1463, 'CBD - Confederação Brasileira de Desporto', 'F', 375),
(1464, 'FIFUSA - Federação Internacional de Futebol de Salão', 'V', 375),
(1465, 'O esporte da bola pesada', 'V', 376),
(1466, 'O esporte dos jogadores habilidosos', 'F', 376),
(1467, 'O esporte do futuro', 'F', 376),
(1468, 'O mini-futebol', 'F', 376),
(1469, 'Roger Grain', 'F', 377),
(1470, 'Juan Carlos Ceriani', 'V', 377),
(1471, 'Habib Maphuz', 'F', 377),
(1472, 'Charles Miller', 'F', 377),
(1473, 'Para popularizar o Futebol', 'F', 378),
(1474, 'Para criar um jogo parecido com o Handebol mas jogado com os pés', 'F', 378),
(1475, 'Para que as crianças pudessem jogar futebol em espaços menores e mais abrigados', 'V', 378),
(1476, 'Para que oportunizar o futebol para as mulheres', 'F', 378),
(1477, '1890', 'F', 379),
(1478, '1900', 'F', 379),
(1479, '1889', 'F', 379),
(1480, '1895', 'V', 379),
(1481, 'Charles Miller', 'V', 380),
(1482, 'João Havelange', 'F', 380),
(1483, 'Pierre Coubertain', 'F', 380),
(1484, 'Ricardo Teixeira', 'F', 380),
(1485, 'Por um jovem operário que trouxe o esporte do Uruguai', 'F', 381),
(1486, 'Por um jovem paulista da elite que foi estudar na Inglaterra', 'V', 381),
(1487, 'Por um professor carioca que participou de um congresso sobre o novo esporte na Espanha', 'F', 381),
(1488, 'Por um professor gaúcho que conheceu o esporte através de alguns amigos europeus e resolveu fundar o Esporte Clube Rio Grande', 'F', 381),
(1489, 'O esporte era considerado do povo e sofreu forte resitência da nobreza da época', 'F', 382),
(1490, 'O esporte foi rapidamente adotado pelos negros escravos da época sendo uma forma de convivência nos poucos momentos de descanso', 'F', 382),
(1491, 'O esporte era elitizado sendo jogado apenas por integrantes da alta classe da sociedade', 'V', 382),
(1492, 'O esporte era praticado mais por operários que utilizavam do esporte para se divertir nos momentos de intervalos das jornadas de trabalho', 'F', 382),
(1493, 'Tranquila, pois o futebol teve suas raízes no povo africano', 'F', 383),
(1494, 'Tumultuada, pois os políticos brasileiros não viam com bons olhos a participação do negro no futebol', 'F', 383),
(1495, 'Natural, pois o Brasil é o país do futebol e sempre foi um esporte democrático', 'F', 383),
(1496, 'Lenta, pois o futebol iniciou no Brasil com carcaterísticas discriminatórias e elitizadas', 'V', 383),
(1497, 'Mães e irmãs iam para a arquibancada torcer', 'V', 384),
(1498, 'As mulheres sempre tiveram seu espaço garantido no futebol, mesmo que por vezes fosse auxiliando a equipe em papéis secundários', 'F', 384),
(1499, 'As mulheres incialmente tiveram uma liga de futebol própria, mas como não rendia muitos lucros acabaram perdendo espaço', 'F', 384),
(1500, 'As mulheres não podiam jogar, pois o futebol era considerado muito violento. Sendo assim atuavam de árbitras', 'F', 384),
(1501, 'Foram contratados para serem jogadores profissionais', 'F', 385),
(1502, 'Foram contratados para fazerem serviços gerais nos clubes e então estavam liberados para representá-los em competições como se fosse sócios', 'V', 385),
(1503, 'Foram associados como sócios-atletas para que apenas pudessem jogar e não frequentar o quadro social do clube', 'F', 385),
(1504, 'Foram associados normalmente aos clubes, pois quando o futebol se profissionalizou não existia mais discriminação racial no futebol', 'F', 385),
(1505, 'Vasco da Gama', 'F', 386),
(1506, 'América', 'F', 386),
(1507, 'Fluminense', 'V', 386),
(1508, 'Bangu', 'F', 386),
(1509, 'No período do Estado Novo (1937-1945), sob o comando de Getúlio Vargas', 'F', 387),
(1510, 'No período de Juscelino Kubitschek quando o Brasil sediou pela primeira vez a Copa do Mundo', 'F', 387),
(1511, 'Na década de 70, período do Regime Militar', 'V', 387),
(1512, 'O futebol e a política nunca tiveram relação estreita no Brasil', 'F', 387),
(1513, 'O futebol no Brasil é considerado um esporte culturalmente masculinizado', 'F', 388),
(1514, 'O pouco interesse de investidores e apoio da mídia', 'F', 388),
(1515, 'O futebol atingiria a visão hegemônica de feminilidade', 'F', 388),
(1516, 'A falta de qualidade técnica e de conhecimento tático sobre o jogo por parte das mulheres', 'V', 388),
(1517, 'Que a beleza das jogadoras é um dos pilares de sustentação do futebol feminino', 'V', 389),
(1518, 'Que está preocupado com a uniformidade das jogadoras', 'F', 389),
(1519, 'Que o cabelo raspado pode atrapalhar o desempenho das jogadoras', 'F', 389),
(1520, 'Que as jogadoras não se preocupem com o corte de cabelo e sim em fazer um bom jogo de futebol', 'F', 389),
(1521, 'Cristiane', 'F', 390),
(1522, 'Marta', 'V', 390),
(1523, 'Formiga', 'F', 390),
(1524, 'Não é uma jogadora brasileira a mehor do mundo por mais vezes', 'F', 390),
(1525, 'Campeão - 2011', 'F', 391),
(1526, 'Terceiro lugar - 2003', 'F', 391),
(1527, 'Vice-campeão - 2007', 'V', 391),
(1528, 'Terceiro lugar - 2015', 'F', 391),
(1529, 'Marta - 4 participações', 'F', 392),
(1530, 'Sissi - 5 participações', 'F', 392),
(1531, 'Tânia Maranhão - 5 participações', 'F', 392),
(1532, 'Formiga - 6 participações', 'V', 392),
(1533, '1978', 'V', 393),
(1534, '1962', 'F', 393),
(1535, '1994', 'F', 393),
(1536, '1958', 'F', 393),
(1537, 'Garrincha', 'F', 394),
(1538, 'Zico', 'V', 394),
(1539, 'Romário', 'F', 394),
(1540, 'Rivaldo', 'F', 394),
(1541, '1920', 'F', 395),
(1542, '1950', 'F', 395),
(1543, '1930', 'V', 395),
(1544, '1938', 'F', 395),
(1545, '1987', 'F', 396),
(1546, '1995', 'F', 396),
(1547, '1983', 'F', 396),
(1548, '1991', 'V', 396),
(1549, 'Santos', 'V', 397),
(1550, 'Botafogo', 'F', 397),
(1551, 'Palmeiras', 'F', 397),
(1552, 'São Paulo', 'F', 397),
(1553, 'Goiás - GO', 'F', 398),
(1554, 'Santa Cruz - PE', 'V', 398),
(1555, 'Ponte Preta - SP', 'F', 398),
(1556, 'Guarani - SP', 'F', 398),
(1557, 'França 1998', 'F', 399),
(1558, 'Itália 1982', 'F', 399),
(1559, 'Alemanha 1966', 'V', 399),
(1560, 'Argentina 1986', 'F', 399),
(1561, 'São Paulo 2005', 'F', 400),
(1562, 'Grêmio 1983', 'F', 400),
(1563, 'Flamengo 1981', 'F', 400),
(1564, 'Cruzeiro 1999', 'V', 400),
(1565, 'Luiz Felipe Scolari', 'V', 401),
(1566, 'Carlos Alberto Parreira', 'F', 401),
(1567, 'Vanderlei Luxemburgo', 'F', 401),
(1568, 'Dunga', 'F', 401),
(1569, 'Ronaldo e Rivaldo', 'F', 402),
(1570, 'Bebeto e Romário', 'V', 402),
(1571, 'Ronaldo e Bebeto', 'F', 402),
(1572, 'Rivaldo e Romário', 'F', 402),
(1573, 'Brasil', 'F', 403),
(1574, 'Espanha', 'F', 403),
(1575, 'Itália', 'V', 403),
(1576, 'Paraguai', 'F', 403),
(1577, '1980', 'F', 404),
(1578, '1988', 'F', 404),
(1579, '1990', 'F', 404),
(1580, '1982', 'V', 404),
(1581, 'Liga Nacional de Futsal', 'V', 405),
(1582, 'Campeonato Brasileiro de Futsal', 'F', 405),
(1583, 'Copa Brasil de Futsal', 'F', 405),
(1584, 'Supertaça Brasil de Futsal', 'F', 405),
(1585, 'CBF - Confederação Brasileira de Futebol', 'F', 406),
(1586, 'CBFS - Confederação Brasileira de Futsal', 'V', 406),
(1587, 'LBF - Liga Brasileira de Futsal', 'F', 406),
(1588, 'FBF - Federação Brasileira de Futsal', 'F', 406),
(1589, 'Manoel Tobias', 'F', 407),
(1590, 'Lenísio', 'F', 407),
(1591, 'Falcão', 'V', 407),
(1592, 'Choco', 'F', 407),
(1593, 'Internacional', 'V', 408),
(1594, 'Carlos Barbosa', 'F', 408),
(1595, 'Atlético Mineiro', 'F', 408),
(1596, 'Malwe/Jaraguá', 'F', 408),
(1597, 'Lança , disco, vara e martelo.', 'F', 409),
(1598, 'Bola, disco, vara e lança.', 'F', 409),
(1599, 'Peso, disco, martelo e dardo.', 'V', 409),
(1600, 'Vara, peso, disco e dardo.', 'F', 409),
(1601, 'Salta em Altura, salto em distância, salto em extensão e  salto com vara.', 'F', 410),
(1602, 'Salto em distância, salto em altura, salto com vara e salto triplo.', 'V', 410),
(1603, 'Salto triplo, salto com vara e salto em expessura.', 'F', 410),
(1604, 'Saltocom vara, salto em distância e salto em extensão.', 'F', 410),
(1605, 'Corridas de fundo.', 'F', 411),
(1606, 'Corrida de meio fundo.', 'F', 411),
(1607, 'Maratona', 'V', 411),
(1608, 'Corrida rasa.', 'F', 411),
(1609, 'Provas com Barreiras.', 'F', 412),
(1610, 'Provas de maratonas.', 'F', 412),
(1611, 'Provas de fundos.', 'F', 412),
(1612, 'Provas de revezamento.', 'V', 412),
(1613, '\"As suas marcas, prepara, sinal sonoro\"', 'F', 413),
(1614, '\"As suas marcas, pronto, sinal sonoro\"', 'V', 413),
(1615, '\"Prepara, pronto, sinal sonoro\"', 'F', 413),
(1616, '\"Pronto, prepara, sinal sonoro\"', 'F', 413),
(1617, '21.096 metros', 'F', 414),
(1618, '41.000 metros.', 'F', 414),
(1619, '42.195 metros.', 'V', 414),
(1620, '12.000 metros', 'F', 414),
(1621, 'Salto em Altura.', 'F', 415),
(1622, 'Salto em distância.', 'V', 415),
(1623, 'Salto Triplo.', 'F', 415),
(1624, 'Salto com vara.', 'F', 415),
(1625, '2.000 gramas e 3.000 gramas.', 'F', 416),
(1626, '1.000 gramas e 2.000 gramas.', 'F', 416),
(1627, '600 gramas e 800 gramas.', 'V', 416),
(1628, '700 gramas e 900 gramas.', 'F', 416),
(1629, '6,5 kg e 4 kg.', 'F', 417),
(1630, '7,26kg e 4kg.', 'V', 417),
(1631, '8,45kg e 5kg.', 'F', 417),
(1632, '6,75kg  e 4,5kg.', 'F', 417),
(1633, '1 Kg e 2 Kg.', 'V', 418),
(1634, '2 kg e 3 Kg.', 'F', 418),
(1635, '4  Kg e 2 Kg.', 'F', 418),
(1636, '5 Kg e 3 Kg.', 'F', 418),
(1637, '50 metros.', 'F', 419),
(1638, '150 metros.', 'F', 419),
(1639, '100 metros.', 'V', 419),
(1640, '200 metros.', 'F', 419),
(1641, '12 voltas.', 'F', 420),
(1642, '25 voltas.', 'F', 420),
(1643, '22 voltas.', 'F', 420),
(1644, '25 e meia volta.', 'V', 420),
(1645, '100 metros.', 'F', 421),
(1646, '400 metros.', 'V', 421),
(1647, '600 metros.', 'F', 421),
(1648, '700 metros', 'F', 421),
(1649, '6 raias.', 'F', 422),
(1650, '4 raias.', 'F', 422),
(1651, '10 raias.', 'V', 422),
(1652, '8 raias.', 'F', 422),
(1653, '9 e 7', 'F', 423),
(1654, '10 e 7', 'F', 423),
(1655, '8 e 9', 'F', 423),
(1656, '6 e 8', 'V', 423),
(1657, '110 metros com barreiras, salto em altura, lançamento de peso e os 200 metros rasos, salto em distância, lançamento de dardo e  800 metros rasos.', 'F', 424),
(1658, '100 metros com barreiras, salto em altura, lançamento de peso e os 200 metros rasos, salto em distância, maratona e  600 metros rasos.', 'V', 424),
(1659, '200 metros com barreiras, Marcha atlética, lançamento de peso e os 200 metros rasos, salto em distância, lançamento de dardo e  800 metros rasos.', 'F', 424),
(1660, '100 metros com barreiras, salto em altura, lançamento de peso e os 200 metros rasos, salto em distância, lançamento de dardo e  800 metros rasos.', 'F', 424),
(1661, 'Partidor', 'F', 425),
(1662, 'Bloco de Largada', 'F', 425),
(1663, 'Bloco de partida', 'F', 425),
(1664, 'Bloco', 'V', 425),
(1665, '100 metros.', 'F', 426),
(1666, '300 metros.', 'F', 426),
(1667, '600 metros.', 'V', 426),
(1668, '200 metros.', 'F', 426),
(1669, '4 atletas.', 'F', 427),
(1670, '6 atletas.', 'F', 427),
(1671, '2 atleta.', 'F', 427),
(1672, '1  atleta.', 'V', 427),
(1673, 'curta, mediana e longa.', 'V', 428),
(1674, 'curta, média e e grande.', 'F', 428),
(1675, 'curta, média e longa.', 'F', 428),
(1676, 'pequena, média e longa.', 'F', 428),
(1677, '100 metros, 200metros e 400 metros.', 'F', 429),
(1678, '100 metros e 800 metros.', 'F', 429),
(1679, '200 metros e 800 metros.', 'V', 429),
(1680, 'Acima de 800 metros, todas as provas são consideradas raiadas.', 'F', 429),
(1681, '1 m 90 centimetros.', 'V', 430),
(1682, '2m 50 centimetros.', 'F', 430),
(1683, '1 m e 75 centimetros.', 'F', 430),
(1684, '1 m e 22 centimetros.', 'F', 430),
(1685, 'O corpo do atleta que passa o bastão e o bastão fora da zona de passagem', 'F', 431),
(1686, 'O bastão completamente dentro da zona de passagem.', 'F', 431),
(1687, 'O bastão parcialmente dentro da zona de passagem.', 'F', 431),
(1688, 'O corpo de ambos os atletas, com o bastão podendo estar fora da zona de passagem.', 'V', 431),
(1689, 'Um atleta cometeu uma infração', 'F', 432),
(1690, 'Um atleta estava com o tênis desamarrado ', 'V', 432),
(1691, 'Nenhum atleta cometeu saída falsa', 'F', 432),
(1692, 'Um atleta esta com vontade de ir ao banheiro', 'F', 432),
(1693, 'Pé.', 'V', 433),
(1694, 'Pescoço.', 'F', 433),
(1695, 'Tronco.', 'F', 433),
(1696, 'Corpo.', 'F', 433),
(1697, 'Substituido', 'F', 434),
(1698, 'Tirado de sua equipe', 'V', 434),
(1699, 'Punido', 'F', 434),
(1700, 'Desqualificado', 'F', 434),
(1701, '2.000m e 3.000m', 'F', 435),
(1702, '100m e 200m ', 'F', 435),
(1703, '400m e 800m', 'V', 435),
(1704, '100m e 1500m', 'F', 435),
(1705, '10 e 10', 'F', 436),
(1706, '28 e 7', 'F', 436),
(1707, '15 e 10', 'V', 436),
(1708, '5 e 9', 'F', 436),
(1709, 'Outros atletas ', 'F', 437),
(1710, 'Barreiras e bolas', 'F', 437),
(1711, 'Obstáculos e fosses de água', 'F', 437),
(1712, 'outros atletas e fosses de água', 'V', 437),
(1713, '10m', 'V', 438),
(1714, '15m', 'F', 438),
(1715, '5m', 'F', 438),
(1716, '20m', 'F', 438),
(1717, '28 à 30 cm', 'F', 439),
(1718, '10 à 15 cm', 'V', 439),
(1719, '20 à 25 cm  ', 'F', 439),
(1720, '5 à 10 cm', 'F', 439),
(1721, 'Salto em Distância', 'F', 440),
(1722, 'Corrida de 100 metros', 'F', 440),
(1723, 'Salto em altura', 'V', 440),
(1724, 'corrida com obstáculos', 'F', 440),
(1725, '5 á 5,5m', 'F', 441),
(1726, '4 á 4,04m', 'F', 441),
(1727, '2 á 3m', 'F', 441),
(1728, '3 á 3,7m', 'V', 441),
(1729, 'A impulsão de um pé só, uma corrida engraçada e o salto', 'V', 442),
(1730, 'uma corrida com postura bonita, impulsão e o salto', 'F', 442),
(1731, 'Um salto com impulsão em um só pé, uma passada e um salto', 'F', 442),
(1732, 'um salto, uma passada e um salto mortal', 'F', 442),
(1733, '5kg', 'F', 443),
(1734, '9kg', 'F', 443),
(1735, '7,260kg', 'V', 443),
(1736, '6,400kg', 'F', 443),
(1737, '3kg', 'F', 444),
(1738, '4kg', 'V', 444),
(1739, '9kg', 'F', 444),
(1740, '5kg', 'F', 444),
(1741, 'Gaiola', 'F', 445),
(1742, 'Caixa', 'F', 445),
(1743, 'Tabua', 'V', 445),
(1744, 'Parede', 'F', 445),
(1745, '2,20m', 'V', 446),
(1746, '2m', 'F', 446),
(1747, '1m', 'F', 446),
(1748, '2,60m', 'F', 446),
(1749, '2,20m', 'F', 447),
(1750, '1m', 'F', 447),
(1751, '1,5m', 'V', 447),
(1752, '2,10m', 'F', 447),
(1753, 'Pentatlo e decatlo', 'F', 448),
(1754, 'Pentatlo, decatlo, heptatlo e octatlo', 'V', 448),
(1755, 'Decatlo e heptatlo', 'F', 448),
(1756, 'Pentatlo, decatlo e octatlo', 'F', 448),
(1757, 'Pentatlo', 'V', 449),
(1758, 'Pentatlo e decatlo', 'F', 449),
(1759, 'Heptatlo e decatlo', 'F', 449),
(1760, 'Octatlo', 'F', 449),
(1761, 'Pentatlo', 'F', 450),
(1762, 'Pentatlo e decatlo', 'F', 450),
(1763, 'Heptatlo e decatlo', 'F', 450),
(1764, 'Octatlo', 'V', 450),
(1765, 'corrida, salto e arremesso', 'V', 451),
(1766, 'corrida, saltos e futebol', 'F', 451),
(1767, 'arremesso, corrida e voleibol', 'F', 451),
(1768, 'salto, arremesso e natação', 'F', 451),
(1769, 'Ruas', 'F', 452),
(1770, 'Estádios fechados', 'V', 452),
(1771, 'Estádios abertos', 'F', 452),
(1772, 'Ginásios', 'F', 452),
(1773, '4/4 da pista', 'F', 453),
(1774, '4/10 da pista', 'F', 453),
(1775, '1/2 da pista', 'V', 453),
(1776, '1/4 da pista', 'F', 453),
(1777, '40m', 'F', 454),
(1778, '50m', 'V', 454),
(1779, '20m', 'F', 454),
(1780, '100m', 'F', 454),
(1781, '10cm', 'F', 455),
(1782, '20cm', 'F', 455),
(1783, '50cm', 'F', 455),
(1784, '15cm', 'V', 455),
(1785, 'conseguir pegar o peso mais pesado', 'F', 456),
(1786, 'conseguir pegar o peso mais leve', 'F', 456),
(1787, 'conseguir lançar mais longe o objeto', 'V', 456),
(1788, 'conseguir correr e arremessar', 'F', 456),
(1789, 'ONA', 'V', 457),
(1790, 'CDA', 'F', 457),
(1791, 'OBRDA', 'F', 457),
(1792, 'CBAT', 'F', 457),
(1793, 'Provas curtas', 'F', 458),
(1794, 'provas de meio fundo', 'V', 458),
(1795, 'provas de campo', 'F', 458),
(1796, 'Maratona', 'F', 458),
(1797, 'Patrick Musiok', 'F', 459),
(1798, 'Usain Bolt', 'F', 459),
(1799, 'Mike Powell', 'V', 459),
(1800, 'Jonatham Edwards', 'F', 459),
(1801, '10,5seg', 'V', 460),
(1802, '9,58seg', 'F', 460),
(1803, '12seg', 'F', 460),
(1804, '8,29seg', 'F', 460),
(1805, 'Mike Powell', 'F', 461),
(1806, 'Usain Bolt', 'V', 461),
(1807, 'Patrick Musyoki', 'F', 461),
(1808, 'Jonatham Edwards', 'F', 461),
(1809, '2h3m45seg', 'F', 462),
(1810, '3h5m', 'F', 462),
(1811, '1h58m27s', 'V', 462),
(1812, '2h57m20s', 'F', 462),
(1813, '45seg', 'F', 463),
(1814, '20seg', 'F', 463),
(1815, '43seg', 'F', 463),
(1816, '57seg', 'V', 463),
(1817, 'Jonathan Edwards', 'V', 464),
(1818, 'Javier Stomyor', 'F', 464),
(1819, 'Patrick Musyoki', 'F', 464),
(1820, 'Mike Powell', 'F', 464),
(1821, '2m', 'F', 465),
(1822, '2,55m', 'V', 465),
(1823, '2,45m', 'F', 465),
(1824, '2,5m', 'F', 465),
(1825, 'Mike Powell', 'F', 466),
(1826, 'Javier Stomyor', 'F', 466),
(1827, 'Patrick Musyoki', 'V', 466),
(1828, 'Usain Bolt', 'F', 466),
(1829, '8m', 'F', 467),
(1830, '8,95m', 'F', 467),
(1831, '7,55m', 'F', 467),
(1832, '7,69m', 'V', 467),
(1833, 'Usain Bolt', 'V', 468),
(1834, 'Javier Stomyor', 'F', 468),
(1835, 'Patrick Musyoki', 'F', 468),
(1836, 'Jonatham Edwards', 'F', 468),
(1837, '18,29m', 'F', 469),
(1838, '17,55m', 'V', 469),
(1839, '19,82m', 'F', 469),
(1840, '20,70m', 'F', 469),
(1841, 'Almaz Ayana', 'F', 470),
(1842, 'Anita wlodarczyk', 'V', 470),
(1843, 'Evelin Santos', 'F', 470),
(1844, 'Ana Claudia Lemos', 'F', 470),
(1845, '82.29m', 'F', 471),
(1846, '79,90m', 'F', 471),
(1847, '85,42m', 'V', 471),
(1848, '90,12m', 'F', 471),
(1849, '12 de maio', 'V', 472),
(1850, '23 de dezembro', 'F', 472),
(1851, '9 de outubro', 'F', 472),
(1852, '15 de novembro', 'F', 472),
(1853, '5', 'V', 473),
(1854, '4', 'F', 473),
(1855, '3', 'F', 473),
(1856, 'd0', 'F', 473),
(1857, 'Londres', 'F', 474),
(1858, 'Pequim', 'F', 474),
(1859, 'Brasil', 'F', 474),
(1860, 'Moscou', 'V', 474),
(1861, '2015', 'V', 475),
(1862, '2012', 'F', 475),
(1863, '2016', 'F', 475),
(1864, '2011', 'F', 475),
(1865, 'Brasil', 'F', 476),
(1866, 'Quênia', 'F', 476),
(1867, 'Argentina', 'V', 476),
(1868, 'Estados Unidos', 'F', 476),
(1869, 'Brasil', 'F', 477),
(1870, 'quênia', 'V', 477),
(1871, 'Argentina', 'F', 477),
(1872, 'Londres', 'F', 477),
(1873, '1983', 'F', 478),
(1874, '1977', 'F', 478),
(1875, '1990', 'F', 478),
(1876, '1969', 'V', 478),
(1877, 'Brasil', 'V', 479),
(1878, 'Finlândia', 'F', 479),
(1879, 'China', 'F', 479),
(1880, 'Japão', 'F', 479),
(1881, 'Usain Bolt', 'F', 480),
(1882, 'Mike Powell', 'V', 480),
(1883, 'Leonidas de Rhode', 'F', 480),
(1884, 'Jonatham Edwards', 'F', 480),
(1885, '7', 'F', 481),
(1886, '5', 'F', 481),
(1887, '2', 'F', 481),
(1888, '3', 'V', 481),
(1889, 'Grécia', 'V', 482),
(1890, 'Jamaica', 'F', 482),
(1891, 'Brasil', 'F', 482),
(1892, 'China', 'F', 482),
(1893, 'curta distância e longa distância', 'F', 483),
(1894, 'curta distância ou velocidade, média distância ou de meio fundo e longa distância ou de fundo', 'V', 483),
(1895, 'Velocidade e maratona', 'F', 483),
(1896, 'velocidade e de meio fundo', 'F', 483),
(1897, 'Rio de Janeiro', 'V', 484),
(1898, 'Salvador', 'F', 484),
(1899, 'São Paulo', 'F', 484),
(1900, 'Goias', 'F', 484),
(1901, 'técnica e condicionamento físico', 'F', 485),
(1902, 'estratégia, magresa e técnica', 'F', 485),
(1903, 'condicionamento físico, altura e magresa', 'V', 485),
(1904, 'estratégia, técnica e condicionamento físico', 'F', 485),
(1905, 'longa distância ou de fundo', 'V', 486),
(1906, 'longa distância ou de meio fundo', 'F', 486),
(1907, 'longa distância ou de velocidade', 'F', 486),
(1908, 'meio fundo', 'F', 486),
(1909, 'velocidade', 'F', 487),
(1910, 'Condicionamento físico', 'F', 487),
(1911, 'técnica', 'V', 487),
(1912, 'inteligência', 'F', 487),
(1913, 'Correr ', 'F', 488),
(1914, 'Correr até o fim', 'F', 488),
(1915, 'Correr a distância proposta em maior tempo', 'F', 488),
(1916, 'Correr a distância proposta em menor tempo', 'V', 488),
(1917, '100 m', 'V', 489),
(1918, 'maratona', 'F', 489),
(1919, 'revezamento', 'F', 489),
(1920, '10.000m', 'F', 489),
(1921, '42km', 'F', 490),
(1922, '20km', 'V', 490),
(1923, '33km', 'F', 490),
(1924, '50km', 'F', 490),
(1925, 'salto para cima', 'F', 491),
(1926, 'salto deitado', 'F', 491),
(1927, 'sanlto no ar', 'F', 491),
(1928, 'salto vertical', 'V', 491),
(1929, 'salto horizontal', 'V', 492),
(1930, 'salto vertical', 'F', 492),
(1931, 'salto para cima', 'F', 492),
(1932, 'salto para frente', 'F', 492),
(1933, '5', 'V', 509),
(1934, '4', 'F', 509),
(1935, '6', 'F', 509),
(1936, '7', 'F', 509),
(1937, '1', 'F', 510),
(1938, '2', 'F', 510),
(1939, '3', 'V', 510),
(1940, '4', 'F', 510),
(1941, 'Líbero', 'F', 511),
(1942, 'Armador', 'V', 511),
(1943, 'Levantador', 'F', 511),
(1944, 'Pivô', 'F', 511),
(1945, '4', 'F', 512),
(1946, '1', 'V', 512),
(1947, '3', 'F', 512),
(1948, '2', 'F', 512),
(1949, 'Armador', 'F', 513),
(1950, 'Ala', 'F', 513),
(1951, 'Levantador', 'F', 513),
(1952, 'Pivô', 'V', 513),
(1953, '3,05m', 'V', 514),
(1954, '3,00m', 'F', 514),
(1955, '3,50m', 'F', 514),
(1956, '2,90m', 'F', 514),
(1957, '1', 'F', 515),
(1958, '2', 'F', 515),
(1959, 'Nenhum, não existe cartão no basquete', 'V', 515),
(1960, '3', 'F', 515),
(1961, 'Ilimitadas', 'V', 516),
(1962, '3', 'F', 516),
(1963, '5', 'F', 516),
(1964, '6', 'F', 516),
(1965, '2', 'F', 517),
(1966, '4', 'V', 517),
(1967, '6', 'F', 517),
(1968, '1', 'F', 517),
(1969, '1', 'F', 518),
(1970, '4', 'F', 518),
(1971, '3', 'F', 518),
(1972, '2', 'V', 518),
(1973, '10 minutos', 'V', 519),
(1974, '8 minutos', 'F', 519),
(1975, '7 minutos', 'F', 519),
(1976, '6 minutos', 'F', 519),
(1977, '0', 'F', 520),
(1978, '1', 'F', 520),
(1979, '2', 'V', 520),
(1980, '3', 'F', 520),
(1981, '4', 'F', 521),
(1982, '3', 'V', 521),
(1983, '2', 'F', 521),
(1984, '1', 'F', 521),
(1985, '20m x 10m', 'F', 522),
(1986, '25m x 12m', 'F', 522),
(1987, '30m x 15m', 'F', 522),
(1988, '28m x 15m', 'V', 522),
(1989, '1', 'V', 523),
(1990, '2', 'F', 523),
(1991, '3', 'F', 523),
(1992, '4', 'F', 523),
(1993, 'Bola ao alto', 'F', 524),
(1994, 'A seta irá definir quem ficará com a bola', 'V', 524),
(1995, 'A bola vai para a equipe que fez a última cesta', 'F', 524),
(1996, 'A equipe que fez mais cesta receberá a bola', 'F', 524),
(1997, '... mais pontos', 'V', 525),
(1998, '... mais cestas', 'F', 525),
(1999, '... menos falta', 'F', 525),
(2000, '... mais passes', 'F', 525),
(2001, '1', 'F', 526),
(2002, '2', 'F', 526),
(2003, '3', 'V', 526),
(2004, 'Não vale fazer cesta de tão longe', 'F', 526),
(2005, '1', 'F', 527),
(2006, '3', 'F', 527),
(2007, 'Não vale fazer cesta de dentro do garrafão', 'F', 527),
(2008, '2', 'V', 527),
(2009, '3', 'F', 528),
(2010, '2', 'F', 528),
(2011, 'Não existe lance livre', 'F', 528),
(2012, '1', 'V', 528),
(2013, '5', 'F', 529),
(2014, '4', 'V', 529),
(2015, '3', 'F', 529),
(2016, '2', 'F', 529),
(2017, '24 seg', 'V', 530),
(2018, '32 seg', 'F', 530),
(2019, '16 seg', 'F', 530),
(2020, '14 seg', 'F', 530),
(2021, '5 seg', 'F', 531),
(2022, '3 seg', 'V', 531),
(2023, '2 seg', 'F', 531),
(2024, '4 seg', 'F', 531),
(2025, '8 seg', 'V', 532),
(2026, '10 seg', 'F', 532),
(2027, '12 seg', 'F', 532),
(2028, '14 seg', 'F', 532),
(2029, '3 seg', 'F', 533),
(2030, '4 seg', 'F', 533),
(2031, '5 seg', 'V', 533),
(2032, 'Não há tempo limite.', 'F', 533),
(2033, 'Não há limite de faltas', 'F', 534),
(2034, '8', 'F', 534),
(2035, '6', 'F', 534),
(2036, '5', 'V', 534),
(2037, 'Até 4', 'V', 535),
(2038, 'Até 5', 'F', 535),
(2039, 'Até 6', 'F', 535),
(2040, 'Até 7', 'F', 535),
(2041, 'Arremesso', 'F', 536),
(2042, 'Passe', 'V', 536),
(2043, 'Falta', 'F', 536),
(2044, 'Violação', 'F', 536),
(2045, 'Passe', 'F', 537),
(2046, ' Violação', 'F', 537),
(2047, 'Arremesso', 'V', 537),
(2048, 'Falta', 'F', 537),
(2049, '... que a bola deve sair do peito do passador, podendo chegar em qualquer lugar do corpo do receptor.', 'F', 538),
(2050, '... que a bola pode sair de qualquer lugar do corpo do passador, tendo que chegar no peito do receptor.', 'F', 538),
(2051, '... que a bola pode sair e chegar de qualquer forma do passador e do receptor. ', 'F', 538),
(2052, '... que a bola deve sair do peito do passador em direção ao peito do receptor.', 'V', 538),
(2053, 'Manejo de corpo', 'F', 539),
(2054, 'Rebote', 'F', 539),
(2055, 'Dribles', 'F', 539),
(2056, 'Ponte aérea', 'V', 539),
(2057, 'Drible', 'F', 540),
(2058, 'Arremesso', 'F', 540),
(2059, 'Manejo de bola', 'V', 540),
(2060, 'Passe', 'F', 540),
(2061, 'Arremesso', 'F', 541),
(2062, 'Dribe', 'V', 541),
(2063, 'Rebote', 'F', 541),
(2064, 'Passe picado', 'F', 541),
(2065, 'Drible baixo', 'V', 542),
(2066, 'Drible médio', 'F', 542),
(2067, 'Drible alto', 'F', 542),
(2068, 'Drible de velocidade', 'F', 542),
(2069, 'Drible médio', 'F', 543),
(2070, 'Drible de proteção', 'F', 543),
(2071, 'Drible alto', 'V', 543),
(2072, 'Drible baixo', 'F', 543),
(2073, 'Ação do jogador em impulsionar consecutivamente a bola contra o solo, podendo usar um das mãos isoladamente ou ambas alternada. ', 'V', 544),
(2074, 'Ação do jogador que está relacionado com as diversas formas de lidar com a bola', 'F', 544),
(2075, 'É a capacidade de movimentar-se e realizar os gestos específicos inerentes à prática do esporte', 'F', 544),
(2076, 'Ação de ataque que consiste em enviar uma bola de um companheiro a outro', 'F', 544),
(2077, 'Drible com passagem da bola por entre as pernas', 'F', 545),
(2078, 'Drible por trás da cabeça', 'V', 545),
(2079, 'Drible com corte pela frente', 'F', 545),
(2080, 'Drible com giro', 'F', 545),
(2081, 'Drible', 'F', 546),
(2082, 'Manejo de bola', 'F', 546),
(2083, 'Manejo de corpo', 'F', 546),
(2084, 'Passe', 'V', 546),
(2085, 'Passe picado', 'F', 547),
(2086, 'Passe de ombro', 'F', 547),
(2087, 'Passe de peito', 'V', 547),
(2088, 'Passe lateral com as duas mãos', 'F', 547),
(2089, 'Passe picado', 'V', 548),
(2090, 'Passe de ombro', 'F', 548),
(2091, 'Passe com giro', 'F', 548),
(2092, 'Passe com rotação', 'F', 548),
(2093, 'Passe com giro', 'F', 549),
(2094, 'Passe por cima da cabeça', 'V', 549),
(2095, 'Passe de peito', 'F', 549),
(2096, 'Passe de ombro', 'F', 549),
(2097, 'Paradas bruscas', 'F', 550),
(2098, 'Fintas', 'F', 550),
(2099, 'Saltos', 'F', 550),
(2100, 'Todas as alternativas', 'V', 550),
(2101, 'Passe baixo, médio e alto', 'F', 551),
(2102, 'Passe de armação e de contra-ataque', 'F', 551),
(2103, 'Passe com uma e com duas mãos', 'V', 551),
(2104, 'Passe de velocidade e de armação', 'F', 551),
(2105, 'Passe por trás das costas', 'V', 552),
(2106, 'Passe de gancho', 'F', 552),
(2107, 'Passe picado', 'F', 552),
(2108, 'Passe de ombro', 'F', 552),
(2109, 'Passe por cima da cabeça', 'F', 553),
(2110, 'Passe de gancho', 'V', 553),
(2111, 'Passe pela lateral com as duas mãos', 'F', 553),
(2112, 'Passe por trás do corpo', 'F', 553),
(2113, 'Armadores', 'F', 554),
(2114, 'Alas', 'F', 554),
(2115, 'Pivôs', 'V', 554),
(2116, 'Todos os jogadores usam esse tipo de arremesso com a mesma frequência', 'F', 554),
(2117, 'Quando está sob marcação próxima', 'F', 555),
(2118, 'Quando está como pivô de costas para a cesta', 'F', 555),
(2119, 'Quando encontra dificuldades para infiltrar no garrafão', 'F', 555),
(2120, 'Quando consegue sair em velocidade no contra-ataque', 'V', 555),
(2121, 'Arremesso de gancho', 'F', 556),
(2122, 'Arremesso de bandeja', 'F', 556),
(2123, 'Arremesso com salto', 'F', 556),
(2124, 'Arremesso com uma das mãos como apoio', 'V', 556),
(2125, 'Rebote primário e secundário', 'F', 557),
(2126, 'Rebote com e sem apoio', 'F', 557),
(2127, 'Rebote defensivo e ofensivo', 'V', 557),
(2128, 'Rebote de armação e de contra-ataque', 'F', 557),
(2129, 'Pivô', 'V', 558),
(2130, 'Fixo', 'F', 558),
(2131, 'Ala', 'F', 558),
(2132, 'Armador', 'F', 558),
(2133, 'Ala', 'F', 559),
(2134, 'Armador', 'V', 559),
(2135, 'Organizador', 'F', 559),
(2136, 'Pivô', 'F', 559),
(2137, 'Trocar mais de 8 passes', 'F', 560),
(2138, 'Deixar o pivô 2 segundos no garrafão', 'F', 560),
(2139, 'Fazer 2 arremessos seguidos', 'F', 560),
(2140, 'Voltar a bola da quadra de de ataque para a de defesa', 'V', 560),
(2141, 'Ala', 'F', 561),
(2142, 'Pivô', 'V', 561),
(2143, 'Armador', 'F', 561),
(2144, 'Líbero', 'F', 561),
(2145, 'Todos os jogadores devem avisar o árbitro préviamente sobre qual pé irá girar.', 'F', 562),
(2146, 'Deve ser realizado sobre o primeiro contato do pé do jogador com o solo.', 'V', 562),
(2147, 'Sempre é realizado pela perna dominante.', 'F', 562),
(2148, 'Só pode ser realizado pelo pivô.', 'F', 562),
(2149, 'Deve ser realizado com os dois pés fora da quadra', 'V', 563),
(2150, 'Deve ser realizado com um dos pés sobre a linha', 'F', 563),
(2151, 'Deve ser realizado com os dois pés sobre a linha', 'F', 563),
(2152, 'Após ser realizado a bola deve quicar antes de alguém receber a bola', 'F', 563),
(2153, '... a bola sair de sua mão', 'F', 564),
(2154, '... a bola tocar na tabela', 'F', 564),
(2155, '... a bola tocar no aro', 'V', 564),
(2156, '... ele quiser', 'F', 564),
(2157, 'Quando a bola toca no chão ou em algum objeto fora da quadra', 'V', 565),
(2158, 'Quando a bola transpassa a linha lateral ou de fundo da quadra', 'F', 565),
(2159, 'Quando mais da metade da bola transpassa a linha lateral da quadra', 'F', 565),
(2160, 'Quando a bola alcança uma altura superior a da tabela', 'F', 565),
(2161, 'Após um jogador se machucar, ele deverá obrigatóriamente sair da quadra.', 'F', 566),
(2162, 'A bola deverá ser sempre laranja', 'F', 566),
(2163, 'Quando o jogador que está driblando pisa na linha, é lateral.', 'V', 566),
(2164, 'As linhas da quadra devem ter cores diferentes', 'F', 566),
(2165, 'Charles Miller em 1895', 'F', 567),
(2166, 'Karl Shelenz em 1919', 'F', 567),
(2167, 'William Morgan em 1895', 'F', 567),
(2168, 'James Naismith em 1890', 'V', 567),
(2169, 'Porque precisavam de um jogo interessante que pudesse ser jogado em recinto fechado no inverno', 'V', 568),
(2170, 'Porque precisavam de um jogo interssante para combater a obesidade que aumentava exponencialmente nos jovens', 'F', 568),
(2171, 'Porque precisavam de um jogo interessante para desviar a atenção dos jovens para mobilizações de revolução contra o império', 'F', 568),
(2172, 'Porque precisavam de um jogo interssante para momentos de lazer de soldados na primeira guerra mundial', 'F', 568),
(2173, 'Turquia', 'F', 569),
(2174, 'Estados Unidos', 'V', 569),
(2175, 'Canadá', 'F', 569),
(2176, 'Espanha', 'F', 569),
(2177, 'O Brasil foi o primeiro país da America do Sul a introduzir o Basquetebol, na década de 1910 ', 'F', 570),
(2178, 'O Brasil nunca foi campeão mundial de basquetebol', 'V', 570),
(2179, 'O Brasil foi medalha de Prata no basquetebol feminino em 1996 nos jogos olímpicos de Atlanta', 'F', 570),
(2180, 'O Brasil foi campeão Pan-americano de basquetebol masculino em Indianápolis (1987) vencendo na final a seleção dos Estados Unidos', 'F', 570),
(2181, '5', 'F', 571),
(2182, '3', 'F', 571),
(2183, '2', 'V', 571),
(2184, '1', 'F', 571),
(2185, 'Os jogadores do banco podem entrar em quadra para separar a confusão', 'F', 572),
(2186, 'Ninguém poderá entrar em quadra para acalmar os ânimos, nem mesmo o treinador', 'F', 572),
(2187, 'Os jogadores de quadra devem esperar os brigões se acalmarem. Se isso não acontecer em 24 segundos eles poderão intervir', 'F', 572),
(2188, 'Qualquer jogador do banco que entre em quadra será desqualificado da partida', 'V', 572),
(2189, '… deverá haver uma prorrogação.', 'V', 573),
(2190, '… cada equipe ganhará 1 ponto.', 'F', 573),
(2191, '… deverá haver um desempate com cobranças de lance-livre', 'F', 573),
(2192, '… um novo jogo deverá ser marcado', 'F', 573),
(2193, 'Quem estava com a bola no final do quarto período mantém a posse', 'F', 574),
(2194, 'Através da seta', 'V', 574),
(2195, 'Quem estava sem a bola no final do quarto período recebe a bola', 'F', 574),
(2196, 'Bola ao alto', 'F', 574),
(2197, '1', 'F', 575),
(2198, '2', 'F', 575),
(2199, 'Ilimitadas', 'V', 575),
(2200, 'Não existe prorrogação no Basquete', 'F', 575),
(2201, 'Não existe prorrogação no Basquete', 'F', 576),
(2202, '3', 'F', 576),
(2203, '2', 'F', 576),
(2204, '1', 'V', 576),
(2205, '… somente os jogadores que terminaram a partida no tempo normal poderão jogar.', 'F', 577),
(2206, '… não existe prorrogação.', 'F', 577),
(2207, '… as faltas coletivas são zeradas ao término do tempo normal.', 'F', 577),
(2208, '… as faltas coletivas se mantém após o término do quarto período.', 'V', 577),
(2209, '5 minutos', 'V', 578),
(2210, '3 minutos', 'F', 578),
(2211, '10 minutos', 'F', 578),
(2212, 'Não existe prorrogação no Basquete', 'F', 578),
(2213, 'Não existe prorrogação no Basquete', 'F', 579),
(2214, 'Mantém o mesmo número do fim do quarto período.', 'V', 579),
(2215, 'São zeradas no começo na prorrogação', 'F', 579),
(2216, 'Na prorrogação, as faltas individuais não são mais computadas.', 'F', 579),
(2217, '2', 'V', 580),
(2218, '3', 'F', 580),
(2219, '4', 'F', 580),
(2220, '1', 'F', 580),
(2221, 'Forçada', 'F', 581),
(2222, 'Repentina', 'F', 581),
(2223, 'Consecutiva', 'F', 581),
(2224, '1 tempo e 2 tempos', 'V', 581),
(2225, 'Arremesso', 'V', 582),
(2226, 'Passe de peito', 'F', 582),
(2227, 'Tempo técnico', 'F', 582),
(2228, 'Cessar o movimento', 'F', 582),
(2229, '8 segundos', 'F', 583),
(2230, 'Caminhada', 'V', 583),
(2231, 'Dobrada', 'F', 583),
(2232, 'Falta', 'F', 583),
(2233, '… a bola deve sair do peito do jogador', 'F', 584),
(2234, '… abola deve tocar sempre no aro antes de entrar na cesta', 'F', 584),
(2235, '… a bola deve tocar sempre na tabela antes de entrar na cesta', 'F', 584),
(2236, '… os polegares devem ficar posicionados na base da bola, formando um T', 'V', 584),
(2237, '… se o jogador arremessa a bola com a mão direita, a perna direita deverá ficar a frente.', 'V', 585),
(2238, '… as pernas deverão ficar paralelas', 'F', 585),
(2239, '… se o jogador arremessa a bola com a mão direita, a perna esquerda deverá ficar a frente.', 'F', 585),
(2240, '… os pés devem estar o mais perto um do outro.', 'F', 585),
(2241, 'Handebol', 'F', 586),
(2242, 'Futsal', 'V', 586),
(2243, 'Voleibol', 'F', 586),
(2244, 'Rugby', 'F', 586),
(2245, 'Competitivos e Cooperativos', 'F', 587),
(2246, 'Marcação e Ataque', 'F', 587),
(2247, 'Defensivos e Ofensivos', 'V', 587),
(2248, 'Proteção e Infitração', 'F', 587),
(2249, 'Por Zona e Individual', 'V', 588),
(2250, 'Região e Blocos', 'F', 588),
(2251, 'Alas e Centro', 'F', 588),
(2252, 'Garrafão e Linha dos 3 metros', 'F', 588),
(2253, '0,126388888888889', 'F', 589),
(2254, '0,0854166666666667', 'F', 589),
(2255, '0,0423958333333333', 'F', 589),
(2256, '0,0840509259259259', 'V', 589),
(2257, '0,126388888888889', 'V', 590),
(2258, '0,0854166666666667', 'F', 590),
(2259, '0,0423958333333333', 'F', 590),
(2260, '0,0840509259259259', 'F', 590),
(2261, 'Dificulta as infiltrações e os rebotes dos oponentes', 'F', 591),
(2262, 'Facilita os rebotes defensivos', 'F', 591),
(2263, 'Dificulta o jogo próximo à cesta', 'F', 591),
(2264, 'Exige melhor treinamento de conjunto e comunicação entre os defensores', 'V', 591),
(2265, 'Aumenta o contato dos defensores com os alas e armador da equipe adversária', 'F', 592),
(2266, 'Facilita as infiltrações do adversário', 'F', 592),
(2267, 'Facilita arremessos de média e longa distância', 'V', 592),
(2268, 'Exige maior desgaste físico dos defensores', 'F', 592),
(2269, 'Apenas o jogador com a posse da bola é pressionado', 'V', 593),
(2270, 'A marcação Individual também é conhecida como Marcação Homem a Homem', 'F', 593),
(2271, 'Pode resultar em um número maior de faltas do defensor', 'F', 593),
(2272, 'Pode facilitar as infiltrações', 'F', 593),
(2273, 'Por Zona', 'F', 594),
(2274, 'Individual', 'F', 594),
(2275, 'Misto', 'V', 594),
(2276, 'Único', 'F', 594),
(2277, 'Quadrado', 'V', 595),
(2278, 'Triângulo', 'F', 595),
(2279, 'Trapézio', 'F', 595);
INSERT INTO `resposta` (`ID_RESPOSTA`, `RESPOSTA`, `TIPO`, `ID_PERGUNTA`) VALUES
(2280, 'Círculo', 'F', 595),
(2281, 'Misto', 'V', 596),
(2282, 'Migrado', 'F', 596),
(2283, 'Conjunto', 'F', 596),
(2284, 'Conjugado', 'F', 596),
(2285, 'Marcação pressão', 'V', 597),
(2286, 'Marcação sufocante', 'F', 597),
(2287, 'Marcação mista', 'F', 597),
(2288, 'Marcação zona', 'F', 597),
(2289, '1', 'F', 598),
(2290, '2', 'F', 598),
(2291, 'Não existe número mínimo de substituições no Basquete', 'V', 598),
(2292, '5', 'F', 598),
(2293, '100', 'F', 599),
(2294, 'Não há limite máximo de pontos em uma partida de Basquete', 'V', 599),
(2295, '150', 'F', 599),
(2296, '200', 'F', 599),
(2297, '2', 'F', 600),
(2298, '3', 'F', 600),
(2299, '4', 'F', 600),
(2300, '5', 'V', 600),
(2301, '... curtas distâncias', 'V', 601),
(2302, '... médias distâncias', 'F', 601),
(2303, '... longas distâncias', 'F', 601),
(2304, 'Não existe este tipo de passe no Basquete.', 'F', 601),
(2305, 'Não existe este tipo de passe no Basquete.', 'F', 602),
(2306, 'Ala', 'F', 602),
(2307, 'Armador', 'F', 602),
(2308, 'Pivô', 'V', 602),
(2309, 'Tentar fazer com o que o marcador não veja a bola', 'F', 603),
(2310, 'Impedir o arremesso', 'F', 603),
(2311, 'Barrar o movimento de um jogador na marcação.', 'V', 603),
(2312, 'Ganharmos a posse de bola.', 'F', 603),
(2313, 'Líbero', 'F', 604),
(2314, 'Ala', 'F', 604),
(2315, 'Pivô', 'F', 604),
(2316, 'Armador', 'V', 604),
(2317, 'Fundo bola', 'F', 605),
(2318, 'No ataque', 'V', 605),
(2319, 'No meio da quadra', 'F', 605),
(2320, 'Onde aconteceu o último lance', 'F', 605),
(2321, 'Fundo bola', 'F', 606),
(2322, 'Onde aconteceu o último lance', 'V', 606),
(2323, 'No meio da quadra', 'F', 606),
(2324, 'No ataque', 'F', 606),
(2325, '99', 'V', 607),
(2326, '123', 'F', 607),
(2327, '3,14', 'F', 607),
(2328, '0,5', 'F', 607),
(2329, 'Bloqueio', 'F', 608),
(2330, 'Invasão defensiva', 'F', 608),
(2331, 'Toco', 'V', 608),
(2332, 'Invasão ofensiva', 'F', 608);

-- --------------------------------------------------------

--
-- Estrutura para tabela `sala_alunos`
--

CREATE TABLE `sala_alunos` (
  `id` int(5) NOT NULL,
  `id_aluno` int(5) NOT NULL,
  `visivel` varchar(1) COLLATE utf8_bin NOT NULL,
  `pontos_geral` int(5) NOT NULL
) ENGINE=InnoDB DEFAULT CHARSET=utf8 COLLATE=utf8_bin;

--
-- Despejando dados para a tabela `sala_alunos`
--

INSERT INTO `sala_alunos` (`id`, `id_aluno`, `visivel`, `pontos_geral`) VALUES
(1, 3, 'S', 5),
(7, 2, 'N', 1),
(8, 7, 'N', 3),
(9, 10, 'N', 1),
(10, 9, 'N', 2),
(11, 11, 'N', 1),
(12, 13, 'N', 1),
(13, 18, 'N', 1),
(14, 20, 'N', 1),
(15, 21, 'N', 1),
(16, 24, 'N', 3),
(17, 29, 'N', 4),
(18, 31, 'N', 3),
(19, 30, 'N', 3),
(20, 28, 'N', 3),
(21, 33, 'N', 3),
(22, 32, 'N', 3),
(23, 39, 'N', 1),
(24, 40, 'N', 2),
(25, 34, 'N', 1),
(26, 36, 'N', 5),
(27, 26, 'N', 1),
(28, 43, 'N', 3),
(29, 25, 'N', 5),
(30, 38, 'N', 1),
(31, 42, 'N', 2),
(32, 44, 'N', 2),
(33, 37, 'N', 3),
(34, 45, 'N', 2),
(35, 46, 'N', 4),
(36, 49, 'N', 4),
(37, 52, 'N', 2),
(38, 63, 'N', 2),
(39, 69, 'N', 2),
(40, 61, 'N', 3),
(41, 68, 'N', 5),
(42, 65, 'N', 3),
(43, 66, 'N', 3),
(44, 55, 'N', 4),
(45, 51, 'N', 4),
(46, 62, 'N', 1),
(47, 50, 'N', 4),
(48, 70, 'N', 1),
(49, 54, 'N', 4),
(50, 67, 'N', 3),
(51, 53, 'N', 4),
(52, 64, 'N', 5),
(53, 58, 'N', 2),
(54, 60, 'N', 2),
(55, 59, 'N', 3),
(56, 56, 'N', 2),
(57, 57, 'N', 4),
(58, 74, 'N', 1),
(59, 76, 'N', 1),
(60, 73, 'N', 1),
(61, 77, 'N', 1),
(62, 75, 'N', 1),
(63, 79, 'N', 4),
(64, 80, 'N', 3),
(65, 84, 'N', 3),
(66, 86, 'N', 4),
(67, 82, 'N', 5),
(68, 87, 'N', 2),
(69, 93, 'N', 4),
(70, 92, 'N', 4),
(71, 94, 'N', 4),
(72, 98, 'N', 1),
(73, 89, 'N', 4),
(74, 97, 'N', 2),
(75, 103, 'N', 4),
(76, 101, 'N', 3),
(77, 95, 'N', 1),
(78, 102, 'N', 4),
(79, 99, 'N', 4),
(80, 91, 'N', 4),
(81, 88, 'N', 3),
(82, 96, 'N', 3),
(83, 90, 'N', 4),
(84, 100, 'N', 4),
(85, 107, 'S', 1);

-- --------------------------------------------------------

--
-- Estrutura para tabela `tipo_usuario`
--

CREATE TABLE `tipo_usuario` (
  `ID_TIPO_USUARIO` int(11) NOT NULL,
  `DESCRICAO` varchar(45) DEFAULT NULL
) ENGINE=InnoDB DEFAULT CHARSET=utf8;

--
-- Despejando dados para a tabela `tipo_usuario`
--

INSERT INTO `tipo_usuario` (`ID_TIPO_USUARIO`, `DESCRICAO`) VALUES
(1, 'Administrador'),
(2, 'Professor'),
(3, 'Aluno');

-- --------------------------------------------------------

--
-- Estrutura para tabela `turma`
--

CREATE TABLE `turma` (
  `ID_TURMA` int(11) NOT NULL,
  `ANO` int(11) DEFAULT NULL,
  `SEMESTRE` int(11) DEFAULT NULL,
  `NOME` varchar(45) COLLATE utf8_bin DEFAULT NULL,
  `SIGLA` varchar(10) CHARACTER SET utf8 DEFAULT NULL,
  `ID_USUARIO` int(11) NOT NULL,
  `ID_DISCIPLINA` int(11) NOT NULL,
  `codigo_turma` varchar(50) CHARACTER SET utf8 NOT NULL
) ENGINE=InnoDB DEFAULT CHARSET=utf8 COLLATE=utf8_bin;

--
-- Despejando dados para a tabela `turma`
--

INSERT INTO `turma` (`ID_TURMA`, `ANO`, `SEMESTRE`, `NOME`, `SIGLA`, `ID_USUARIO`, `ID_DISCIPLINA`, `codigo_turma`) VALUES
(1, 2017, 2, 'Agricultura', 'AGR1', 3, 1, '45910'),
(2, 2017, 2, 'Manutenção e Suporte em Informática', 'MSI1', 2, 1, '62187'),
(3, 2019, 8, 'Estrutura de dados', 'ED1', 3, 1, '45893'),
(4, 2019, 6, 'Programação Web 3', 'PW3', 3, 1, '58964'),
(8, 2020, 5, 'Banco de dados', 'BD2', 3, 1, '22188'),
(10, 2019, 5, 'Dispositivos móveis (TESTES)', 'DM1', 3, 1, '92340'),
(11, 2019, 1, 'Redes de computadores', 'RC2', 3, 1, '82296'),
(12, 2018, 2, 'Estatistica', 'E1', 5, 1, '42463'),
(14, 2019, 1, 'Turma Teste Karlise ', 'TTK', 5, 1, '69768'),
(15, 2019, 2, 'Manutenção e Suporte em Informática T32', 'MSI32', 2, 1, '10227'),
(17, 2019, 2, 'Manutenção e Suporte em Informática T31', 'MSI31', 2, 1, '68902'),
(18, 2019, 2, 'Manutenção e Suporte em Informática T21', 'MSI21', 2, 1, '39209'),
(19, 2019, 2, 'Manutenção e Suporte em Informática', 'MSI31', 23, 1, '53179'),
(20, 2019, 2, 'Manutenção e Suporte em Informática', 'MSI21', 23, 1, '99434'),
(21, 2019, 2, 'Manutenção e Suporte em Informática T21', 'MSI21', 2, 1, '26016'),
(22, 2019, 2, 'Licenciatura em Computação - T4', 'LCT4', 23, 1, '55224'),
(23, 2019, 2, 'Manutenção e Suporte em Informática T11', 'MSI11', 2, 1, '90066'),
(24, 2019, 2, 'Manutenção e Suporte em Informática T32', 'MSI32', 2, 1, '84656');

-- --------------------------------------------------------

--
-- Estrutura para tabela `turma_aluno`
--

CREATE TABLE `turma_aluno` (
  `ID_TURMA_ALUNO` int(11) NOT NULL,
  `ID_TURMA` int(11) NOT NULL,
  `ID_USUARIO` int(11) NOT NULL,
  `status` varchar(1) NOT NULL DEFAULT 'I'
) ENGINE=InnoDB DEFAULT CHARSET=utf8;

--
-- Despejando dados para a tabela `turma_aluno`
--

INSERT INTO `turma_aluno` (`ID_TURMA_ALUNO`, `ID_TURMA`, `ID_USUARIO`, `status`) VALUES
(1, 2, 3, 'R'),
(2, 1, 3, 'R'),
(3, 1, 6, 'A'),
(4, 1, 2, 'R'),
(5, 11, 2, 'A'),
(6, 10, 7, 'R'),
(7, 10, 7, 'R'),
(8, 10, 7, 'R'),
(9, 1, 7, 'A'),
(10, 12, 3, 'R'),
(11, 14, 3, 'R'),
(12, 14, 7, 'R'),
(13, 15, 9, 'A'),
(14, 15, 10, 'A'),
(15, 15, 3, 'R'),
(16, 15, 11, 'A'),
(18, 10, 3, 'R'),
(19, 10, 18, 'A'),
(22, 10, 5, 'A'),
(23, 10, 13, 'A'),
(24, 10, 20, 'A'),
(25, 15, 9, 'A'),
(26, 15, 10, 'A'),
(27, 19, 26, 'A'),
(28, 19, 34, 'A'),
(29, 19, 29, 'A'),
(30, 19, 25, 'A'),
(31, 19, 30, 'A'),
(32, 19, 24, 'A'),
(33, 19, 36, 'A'),
(34, 19, 31, 'A'),
(35, 19, 32, 'A'),
(36, 19, 33, 'A'),
(37, 19, 38, 'A'),
(38, 19, 40, 'A'),
(39, 19, 28, 'A'),
(40, 19, 42, 'A'),
(41, 10, 43, 'A'),
(42, 19, 44, 'A'),
(43, 19, 45, 'A'),
(44, 19, 44, 'A'),
(46, 19, 46, 'A'),
(47, 19, 49, 'A'),
(48, 19, 37, 'I'),
(49, 20, 51, 'I'),
(50, 20, 53, 'I'),
(51, 20, 50, 'I'),
(52, 20, 56, 'I'),
(53, 20, 55, 'I'),
(54, 20, 59, 'I'),
(55, 20, 62, 'I'),
(56, 20, 59, 'I'),
(57, 20, 58, 'I'),
(58, 20, 52, 'I'),
(59, 20, 63, 'I'),
(60, 20, 50, 'I'),
(61, 20, 57, 'I'),
(62, 20, 65, 'I'),
(63, 20, 61, 'I'),
(64, 20, 64, 'I'),
(65, 20, 60, 'I'),
(66, 20, 54, 'I'),
(67, 20, 67, 'I'),
(68, 20, 64, 'I'),
(69, 20, 66, 'I'),
(70, 21, 55, 'A'),
(71, 21, 51, 'A'),
(72, 21, 57, 'A'),
(73, 21, 68, 'A'),
(74, 21, 64, 'A'),
(75, 21, 53, 'A'),
(76, 21, 59, 'A'),
(77, 21, 52, 'A'),
(78, 21, 65, 'A'),
(79, 21, 50, 'A'),
(80, 21, 62, 'A'),
(81, 21, 56, 'A'),
(82, 21, 64, 'A'),
(83, 21, 66, 'A'),
(84, 21, 61, 'A'),
(85, 21, 52, 'A'),
(86, 21, 58, 'A'),
(87, 21, 70, 'A'),
(88, 21, 60, 'A'),
(89, 21, 58, 'A'),
(90, 21, 63, 'A'),
(91, 21, 54, 'A'),
(92, 21, 54, 'A'),
(93, 21, 67, 'A'),
(94, 21, 58, 'A'),
(95, 21, 52, 'A'),
(96, 21, 69, 'A'),
(97, 22, 77, 'A'),
(98, 22, 73, 'A'),
(99, 22, 74, 'A'),
(100, 22, 76, 'A'),
(101, 22, 78, 'A'),
(102, 22, 10, 'A'),
(103, 23, 10, 'A'),
(104, 1, 10, 'A'),
(105, 23, 79, 'A'),
(106, 23, 79, 'A'),
(107, 23, 80, 'A'),
(108, 23, 82, 'A'),
(109, 23, 84, 'A'),
(110, 23, 82, 'A'),
(111, 23, 86, 'A'),
(112, 23, 82, 'A'),
(113, 23, 87, 'A'),
(114, 23, 87, 'A'),
(115, 10, 88, 'A'),
(116, 10, 88, 'A'),
(117, 24, 10, 'A'),
(118, 10, 101, 'A'),
(119, 24, 93, 'A'),
(120, 24, 90, 'A'),
(121, 24, 97, 'A'),
(122, 24, 89, 'A'),
(123, 24, 102, 'A'),
(124, 24, 99, 'A'),
(125, 24, 94, 'A'),
(126, 24, 101, 'A'),
(127, 24, 88, 'A'),
(128, 24, 92, 'A'),
(129, 24, 100, 'A'),
(130, 24, 95, 'A'),
(131, 24, 94, 'A'),
(132, 24, 97, 'A'),
(133, 24, 88, 'A'),
(134, 24, 91, 'A'),
(135, 24, 96, 'A'),
(136, 24, 101, 'A'),
(137, 24, 103, 'A'),
(138, 24, 96, 'A'),
(139, 24, 91, 'A'),
(140, 24, 98, 'A'),
(141, 24, 90, 'A'),
(142, 12, 3, 'R');

-- --------------------------------------------------------

--
-- Estrutura para tabela `turma_quiz`
--

CREATE TABLE `turma_quiz` (
  `ID_TURMA_QUIZ` int(11) NOT NULL,
  `ID_QUIZ` int(11) NOT NULL,
  `ID_TURMA` int(11) NOT NULL,
  `ATIVO` int(11) NOT NULL,
  `INICIADO` int(11) NOT NULL,
  `RODADA` int(11) NOT NULL,
  `ESGOTADO` int(11) NOT NULL DEFAULT 2
) ENGINE=InnoDB DEFAULT CHARSET=utf8 ROW_FORMAT=COMPACT;

--
-- Despejando dados para a tabela `turma_quiz`
--

INSERT INTO `turma_quiz` (`ID_TURMA_QUIZ`, `ID_QUIZ`, `ID_TURMA`, `ATIVO`, `INICIADO`, `RODADA`, `ESGOTADO`) VALUES
(1, 1, 1, 0, 0, 0, 2),
(2, 2, 3, 0, 0, 0, 2),
(3, 1, 4, 0, 0, 0, 2),
(5, 3, 11, 0, 0, 0, 2),
(6, 4, 12, 1, 1, 5, 1),
(13, 2, 3, 0, 0, 0, 2),
(14, 11, 12, 0, 0, 0, 2),
(15, 12, 14, 0, 0, 0, 2),
(16, 13, 15, 0, 0, 0, 2),
(17, 14, 15, 0, 0, 0, 2),
(18, 15, 15, 0, 0, 0, 2),
(19, 16, 15, 0, 0, 0, 2),
(20, 17, 19, 0, 0, 0, 2),
(21, 18, 19, 0, 0, 0, 2),
(22, 19, 18, 0, 0, 0, 2),
(23, 20, 18, 0, 0, 0, 2),
(24, 21, 18, 0, 0, 0, 2),
(25, 22, 22, 1, 1, 11, 2),
(26, 24, 23, 0, 0, 11, 2),
(27, 25, 23, 0, 0, 11, 2),
(28, 26, 24, 0, 0, 11, 2),
(29, 27, 24, 1, 1, 3, 1),
(30, 28, 24, 0, 0, 11, 2);

-- --------------------------------------------------------

--
-- Estrutura para tabela `usuario`
--

CREATE TABLE `usuario` (
  `ID_USUARIO` int(11) NOT NULL,
  `NOME` varchar(45) CHARACTER SET utf8 DEFAULT NULL,
  `EMAIL` varchar(45) CHARACTER SET utf8 DEFAULT NULL,
  `SENHA` varchar(50) CHARACTER SET utf8 DEFAULT NULL,
  `ID_TIPO_USUARIO` int(11) NOT NULL,
  `id_facebook` varchar(16) CHARACTER SET utf8 NOT NULL,
  `theme` varchar(50) CHARACTER SET utf8 NOT NULL,
  `img_perfil` varchar(50) CHARACTER SET utf8 NOT NULL DEFAULT '0',
  `img_capa` varchar(50) CHARACTER SET utf8 NOT NULL DEFAULT '0.1'
) ENGINE=InnoDB DEFAULT CHARSET=utf8 COLLATE=utf8_bin;

--
-- Despejando dados para a tabela `usuario`
--

INSERT INTO `usuario` (`ID_USUARIO`, `NOME`, `EMAIL`, `SENHA`, `ID_TIPO_USUARIO`, `id_facebook`, `theme`, `img_perfil`, `img_capa`) VALUES
(2, 'Luiz Moura', 'professor.teste@iffarroupilha.edu.br', 'e7d537e128158790157ea057bb883e0292a84930', 2, '0', '', '2', '2.2'),
(3, 'Gerson Dias', 'rick_pereira_dias@hotmail.com', 'e7d537e128158790157ea057bb883e0292a84930', 3, '100002268762791', 'default', '3', '1.2'),
(4, 'Junior Souza', 'professor.teste@gmail.com', 'e7d537e128158790157ea057bb883e0292a84930', 2, '0', '', '4', '4.2'),
(8, 'gerson novo', 'gerson@novo.com.br', '7110eda4d09e062aa5e4a390b0a572ac0d2c0220', 3, '', '', '10', '9.2'),
(9, 'Aluno Teste Um', 'aluno.teste.um@teste.com', 'e7d537e128158790157ea057bb883e0292a84930', 3, '', '', '0', '0.1'),
(10, 'Aluno Teste Dois', 'aluno.teste.dois@teste.com', 'e7d537e128158790157ea057bb883e0292a84930', 3, '', '', '0', '3.2'),
(12, 'Professor Teste Dois', 'professor.teste.dois@iffarroupilha.edu.br', 'e7d537e128158790157ea057bb883e0292a84930', 2, '', '', '0', '0.1'),
(14, 'teste', 'teste@teste.com', 'da39a3ee5e6b4b0d3255bfef95601890afd80709', 3, '', '', '0', '0.1'),
(22, 'Rick Dias', 'TCC@TCC.com', 'e7d537e128158790157ea057bb883e0292a84930', 2, '', '', '0', '0.1');

--
-- Gatilhos `usuario`
--
DELIMITER $$
CREATE TRIGGER `usuario_after_insert` AFTER INSERT ON `usuario` FOR EACH ROW BEGIN

insert into conquistas
set conquistas.id_usuario = NEW.ID_USUARIO, conquistas.conquista = 1, conquistas.texto = "Entrou no sistema pela primeira vez!";

END
$$
DELIMITER ;

--
-- Índices de tabelas apagadas
--

--
-- Índices de tabela `ad_mensagem`
--
ALTER TABLE `ad_mensagem`
  ADD PRIMARY KEY (`id_mensagem`);

--
-- Índices de tabela `avatar`
--
ALTER TABLE `avatar`
  ADD PRIMARY KEY (`id_avatar`);

--
-- Índices de tabela `categoria`
--
ALTER TABLE `categoria`
  ADD PRIMARY KEY (`ID_CATEGORIA`),
  ADD KEY `fk_CATEGORIA_CATEGORIA1_idx` (`MENU_PAI`);

--
-- Índices de tabela `chat`
--
ALTER TABLE `chat`
  ADD PRIMARY KEY (`id_chat`);

--
-- Índices de tabela `configuration`
--
ALTER TABLE `configuration`
  ADD PRIMARY KEY (`id`);

--
-- Índices de tabela `conquistas`
--
ALTER TABLE `conquistas`
  ADD PRIMARY KEY (`id_conquista`);

--
-- Índices de tabela `disciplina`
--
ALTER TABLE `disciplina`
  ADD PRIMARY KEY (`ID_DISCIPLINA`);

--
-- Índices de tabela `imagem`
--
ALTER TABLE `imagem`
  ADD PRIMARY KEY (`ID_IMAGEM`),
  ADD KEY `fk_imagem_categoria1_idx` (`ID_CATEGORIA`);

--
-- Índices de tabela `melhorias`
--
ALTER TABLE `melhorias`
  ADD PRIMARY KEY (`ID_MELHORIA`),
  ADD KEY `ID_USUARIO` (`ID_USUARIO`);

--
-- Índices de tabela `memoria`
--
ALTER TABLE `memoria`
  ADD PRIMARY KEY (`ID_MEMORIA`),
  ADD KEY `fk_memoria_usuario1_idx` (`ID_USUARIO`);

--
-- Índices de tabela `memoria_imagem`
--
ALTER TABLE `memoria_imagem`
  ADD PRIMARY KEY (`ID_MEMORIA_IMAGEM`),
  ADD KEY `fk_imagem_has_memoria_memoria1_idx` (`ID_MEMORIA`),
  ADD KEY `fk_imagem_has_memoria_imagem1_idx` (`ID_IMAGEM`);

--
-- Índices de tabela `pergunta`
--
ALTER TABLE `pergunta`
  ADD PRIMARY KEY (`ID_PERGUNTA`);

--
-- Índices de tabela `pergunta_quiz`
--
ALTER TABLE `pergunta_quiz`
  ADD PRIMARY KEY (`ID_PERGUNTA_QUIZ`);

--
-- Índices de tabela `pontuacao`
--
ALTER TABLE `pontuacao`
  ADD PRIMARY KEY (`id_pontuacao`);

--
-- Índices de tabela `quiz`
--
ALTER TABLE `quiz`
  ADD PRIMARY KEY (`ID_QUIZ`);

--
-- Índices de tabela `resposta`
--
ALTER TABLE `resposta`
  ADD PRIMARY KEY (`ID_RESPOSTA`);

--
-- Índices de tabela `sala_alunos`
--
ALTER TABLE `sala_alunos`
  ADD PRIMARY KEY (`id`);

--
-- Índices de tabela `tipo_usuario`
--
ALTER TABLE `tipo_usuario`
  ADD PRIMARY KEY (`ID_TIPO_USUARIO`);

--
-- Índices de tabela `turma`
--
ALTER TABLE `turma`
  ADD PRIMARY KEY (`ID_TURMA`),
  ADD KEY `fk_TURMA_DISCIPLINA1_idx` (`ID_DISCIPLINA`),
  ADD KEY `fk_TURMA_USUARIO1_idx` (`ID_USUARIO`);

--
-- Índices de tabela `turma_aluno`
--
ALTER TABLE `turma_aluno`
  ADD PRIMARY KEY (`ID_TURMA_ALUNO`),
  ADD KEY `fk_TURMA_has_ALUNO_TURMA1_idx` (`ID_TURMA`),
  ADD KEY `fk_TURMA_ALUNO_USUARIO1_idx` (`ID_USUARIO`);

--
-- Índices de tabela `turma_quiz`
--
ALTER TABLE `turma_quiz`
  ADD PRIMARY KEY (`ID_TURMA_QUIZ`);

--
-- Índices de tabela `usuario`
--
ALTER TABLE `usuario`
  ADD PRIMARY KEY (`ID_USUARIO`),
  ADD UNIQUE KEY `ID_USUARIO` (`ID_USUARIO`),
  ADD UNIQUE KEY `ID_USUARIO_2` (`ID_USUARIO`),
  ADD UNIQUE KEY `EMAIL` (`EMAIL`),
  ADD KEY `fk_USUARIO_TIPO_USUARIO1_idx` (`ID_TIPO_USUARIO`),
  ADD KEY `ID_USUARIO_3` (`ID_USUARIO`);

--
-- AUTO_INCREMENT de tabelas apagadas
--

--
-- AUTO_INCREMENT de tabela `ad_mensagem`
--
ALTER TABLE `ad_mensagem`
  MODIFY `id_mensagem` int(11) NOT NULL AUTO_INCREMENT, AUTO_INCREMENT=9;

--
-- AUTO_INCREMENT de tabela `avatar`
--
ALTER TABLE `avatar`
  MODIFY `id_avatar` int(11) NOT NULL AUTO_INCREMENT, AUTO_INCREMENT=56;

--
-- AUTO_INCREMENT de tabela `categoria`
--
ALTER TABLE `categoria`
  MODIFY `ID_CATEGORIA` int(11) NOT NULL AUTO_INCREMENT, AUTO_INCREMENT=7;

--
-- AUTO_INCREMENT de tabela `chat`
--
ALTER TABLE `chat`
  MODIFY `id_chat` int(5) NOT NULL AUTO_INCREMENT;

--
-- AUTO_INCREMENT de tabela `configuration`
--
ALTER TABLE `configuration`
  MODIFY `id` int(2) NOT NULL AUTO_INCREMENT, AUTO_INCREMENT=5;

--
-- AUTO_INCREMENT de tabela `conquistas`
--
ALTER TABLE `conquistas`
  MODIFY `id_conquista` int(11) NOT NULL AUTO_INCREMENT, AUTO_INCREMENT=110;

--
-- AUTO_INCREMENT de tabela `disciplina`
--
ALTER TABLE `disciplina`
  MODIFY `ID_DISCIPLINA` int(11) NOT NULL AUTO_INCREMENT, AUTO_INCREMENT=10;

--
-- AUTO_INCREMENT de tabela `imagem`
--
ALTER TABLE `imagem`
  MODIFY `ID_IMAGEM` int(11) NOT NULL AUTO_INCREMENT;

--
-- AUTO_INCREMENT de tabela `melhorias`
--
ALTER TABLE `melhorias`
  MODIFY `ID_MELHORIA` int(11) NOT NULL AUTO_INCREMENT, AUTO_INCREMENT=17;

--
-- AUTO_INCREMENT de tabela `memoria`
--
ALTER TABLE `memoria`
  MODIFY `ID_MEMORIA` int(11) NOT NULL AUTO_INCREMENT;

--
-- AUTO_INCREMENT de tabela `memoria_imagem`
--
ALTER TABLE `memoria_imagem`
  MODIFY `ID_MEMORIA_IMAGEM` int(11) NOT NULL AUTO_INCREMENT;

--
-- AUTO_INCREMENT de tabela `pergunta`
--
ALTER TABLE `pergunta`
  MODIFY `ID_PERGUNTA` int(11) NOT NULL AUTO_INCREMENT, AUTO_INCREMENT=610;

--
-- AUTO_INCREMENT de tabela `pergunta_quiz`
--
ALTER TABLE `pergunta_quiz`
  MODIFY `ID_PERGUNTA_QUIZ` int(11) NOT NULL AUTO_INCREMENT, AUTO_INCREMENT=222;

--
-- AUTO_INCREMENT de tabela `pontuacao`
--
ALTER TABLE `pontuacao`
  MODIFY `id_pontuacao` int(5) NOT NULL AUTO_INCREMENT, AUTO_INCREMENT=861;

--
-- AUTO_INCREMENT de tabela `quiz`
--
ALTER TABLE `quiz`
  MODIFY `ID_QUIZ` int(11) NOT NULL AUTO_INCREMENT, AUTO_INCREMENT=29;

--
-- AUTO_INCREMENT de tabela `resposta`
--
ALTER TABLE `resposta`
  MODIFY `ID_RESPOSTA` int(11) NOT NULL AUTO_INCREMENT, AUTO_INCREMENT=2557;

--
-- AUTO_INCREMENT de tabela `sala_alunos`
--
ALTER TABLE `sala_alunos`
  MODIFY `id` int(5) NOT NULL AUTO_INCREMENT, AUTO_INCREMENT=86;

--
-- AUTO_INCREMENT de tabela `tipo_usuario`
--
ALTER TABLE `tipo_usuario`
  MODIFY `ID_TIPO_USUARIO` int(11) NOT NULL AUTO_INCREMENT, AUTO_INCREMENT=4;

--
-- AUTO_INCREMENT de tabela `turma`
--
ALTER TABLE `turma`
  MODIFY `ID_TURMA` int(11) NOT NULL AUTO_INCREMENT, AUTO_INCREMENT=25;

--
-- AUTO_INCREMENT de tabela `turma_aluno`
--
ALTER TABLE `turma_aluno`
  MODIFY `ID_TURMA_ALUNO` int(11) NOT NULL AUTO_INCREMENT, AUTO_INCREMENT=143;

--
-- AUTO_INCREMENT de tabela `turma_quiz`
--
ALTER TABLE `turma_quiz`
  MODIFY `ID_TURMA_QUIZ` int(11) NOT NULL AUTO_INCREMENT, AUTO_INCREMENT=31;

--
-- AUTO_INCREMENT de tabela `usuario`
--
ALTER TABLE `usuario`
  MODIFY `ID_USUARIO` int(11) NOT NULL AUTO_INCREMENT, AUTO_INCREMENT=108;

--
-- Restrições para dumps de tabelas
--

--
-- Restrições para tabelas `categoria`
--
ALTER TABLE `categoria`
  ADD CONSTRAINT `fk_CATEGORIA_CATEGORIA1` FOREIGN KEY (`MENU_PAI`) REFERENCES `categoria` (`ID_CATEGORIA`) ON DELETE NO ACTION ON UPDATE NO ACTION;

--
-- Restrições para tabelas `imagem`
--
ALTER TABLE `imagem`
  ADD CONSTRAINT `fk_imagem_categoria1` FOREIGN KEY (`ID_CATEGORIA`) REFERENCES `categoria` (`ID_CATEGORIA`) ON DELETE NO ACTION ON UPDATE NO ACTION;

--
-- Restrições para tabelas `melhorias`
--
ALTER TABLE `melhorias`
  ADD CONSTRAINT `fk_melhoria_has_usuario` FOREIGN KEY (`ID_USUARIO`) REFERENCES `usuario` (`ID_USUARIO`) ON DELETE NO ACTION ON UPDATE NO ACTION;

--
-- Restrições para tabelas `memoria`
--
ALTER TABLE `memoria`
  ADD CONSTRAINT `fk_memoria_usuario1` FOREIGN KEY (`ID_USUARIO`) REFERENCES `usuario` (`ID_USUARIO`) ON DELETE NO ACTION ON UPDATE NO ACTION;

--
-- Restrições para tabelas `memoria_imagem`
--
ALTER TABLE `memoria_imagem`
  ADD CONSTRAINT `fk_imagem_has_memoria_imagem1` FOREIGN KEY (`ID_IMAGEM`) REFERENCES `imagem` (`ID_IMAGEM`) ON DELETE NO ACTION ON UPDATE NO ACTION,
  ADD CONSTRAINT `fk_imagem_has_memoria_memoria1` FOREIGN KEY (`ID_MEMORIA`) REFERENCES `memoria` (`ID_MEMORIA`) ON DELETE NO ACTION ON UPDATE NO ACTION;

--
-- Restrições para tabelas `turma`
--
ALTER TABLE `turma`
  ADD CONSTRAINT `fk_TURMA_DISCIPLINA1` FOREIGN KEY (`ID_DISCIPLINA`) REFERENCES `disciplina` (`ID_DISCIPLINA`) ON DELETE NO ACTION ON UPDATE NO ACTION,
  ADD CONSTRAINT `fk_TURMA_USUARIO1` FOREIGN KEY (`ID_USUARIO`) REFERENCES `usuario` (`ID_USUARIO`) ON DELETE NO ACTION ON UPDATE NO ACTION;

--
-- Restrições para tabelas `turma_aluno`
--
ALTER TABLE `turma_aluno`
  ADD CONSTRAINT `fk_TURMA_ALUNO_USUARIO1` FOREIGN KEY (`ID_USUARIO`) REFERENCES `usuario` (`ID_USUARIO`) ON DELETE NO ACTION ON UPDATE NO ACTION,
  ADD CONSTRAINT `fk_TURMA_has_ALUNO_TURMA1` FOREIGN KEY (`ID_TURMA`) REFERENCES `turma` (`ID_TURMA`) ON DELETE NO ACTION ON UPDATE NO ACTION;

--
-- Restrições para tabelas `usuario`
--
ALTER TABLE `usuario`
  ADD CONSTRAINT `fk_USUARIO_TIPO_USUARIO1` FOREIGN KEY (`ID_TIPO_USUARIO`) REFERENCES `tipo_usuario` (`ID_TIPO_USUARIO`) ON DELETE NO ACTION ON UPDATE NO ACTION;
COMMIT;

/*!40101 SET CHARACTER_SET_CLIENT=@OLD_CHARACTER_SET_CLIENT */;
/*!40101 SET CHARACTER_SET_RESULTS=@OLD_CHARACTER_SET_RESULTS */;
/*!40101 SET COLLATION_CONNECTION=@OLD_COLLATION_CONNECTION */;
